sn,text,neutral,hate_speech,threatning,offensive,harassment
1,"Even if Harke says 2 + 2 = 4  Xetry bahun and ghantey still say, “no no , that’s wrong.”",1,0,0,0,0
2,Dhanpati Chaulagain Dada Nepali ma Bhannu ta,1,0,0,0,0
3,Lalit Panday Badar ley Pani yesto hamro samsad bata nei sikeko horey bidangsha machauna,0,0,0,1,0
4,"kinaki tero harke le 2+2=5 vanxa
u sabai vanda thulo manxe ho ni tw",0,0,0,1,0
5,teti pdeko xa harke le?,1,0,0,0,0
6,tyo chai ho harkale yesto harkat dekhai sakyo ki aba usle sahi vanex vane pani patyauna garo xa malai,1,0,0,0,0
7, Tero baule vanek mg sala harkeko ko gulla kha gayera,0,0,0,1,0
8,Aru chij ta xoto hunxa thaxa tra bhotey ko dimag ni xoto huney raicha,0,1,0,0,0
9,afno identity nai lukaune ko k kura garnuu fake id bata bolera chumchum,0,0,0,1,0
10,ta randiko xoro madarchut tero papa lai gayarw bhaan mg khate,0,0,0,1,0
11,Kukur haru,0,0,0,0,1
12,"Laj Pani lajjayo hola aba ta
Chya Veda Haru",0,0,0,0,1
13,Aajkal ta movie pani herna man lagdaina,1,0,0,0,0
14,Saroj Shrestha splitsvillaa bhaneko english word hoki k ho ksm malai kasaile bujaau ta,1,0,0,0,0
15,Ishwor Neupane aauta main geda na vako veda ta timi hota kaka,0,0,0,1,0
16,Sanjok Khadka khai ta mastira aako,1,0,0,0,0
17,Kehi Yuwa Haina K Jholey Hola K,0,0,0,1,0
18,Asti samma American VAnne haru aaba indian vanne holan,1,0,0,0,0
19,Garxan ni,1,0,0,0,0
20,Garne ho,1,0,0,0,0
21,Yesko talab rokka gariyos todhfod garne arazak aimai ko thuikkka,0,0,0,1,0
22,Bheda haru,0,0,0,0,1
23,Ipl miss vayo yata ko roilo le gardatara Dubai tarfa maja aayo j hos,1,0,0,0,0
24,Desh chaldina uha sanga Pani bujhi sake,1,0,0,0,0
25,Yuba haina guu khane hola,0,0,0,1,0
26,Kam xaina teniharu ko,1,0,0,0,0
27,Nepali ho ni,1,0,0,0,0
28,Kehi yuba vanda ni 20-30 jana yuba vanda ramro hola ki??,1,0,0,0,0
29,Kartik aauna lageko vayera ho kiii,1,0,0,0,0
30,"Laj Pani lajjayo hola aba ta
Chya Veda Haru",0,0,0,0,1
31,Ghantey le desh babayoudaina,0,0,0,1,0
32,IPL vanda yata ramailo xa,1,0,0,0,0
33,Sarina Bhatt yo sab chor haru hun,0,0,0,1,0
34,Jungle ko badar lai paxi dhapamla pahila ihh badar haru lai sadan bata dhapauna parcha,0,0,0,1,0
35,"Flim Kina herna Jana paro ra yesto news herna payasi 
So disappointing",1,0,0,0,0
36,Yo sab gu khana ko lagi mehanat gardai ho,0,0,0,1,0
37,Yuba navannu na yrr kukurko hul vannu,0,0,0,0,1
38,Tee vayara na bolya Aile samn pm,1,0,0,0,0
39,K-wl BaSnet birod gardaima desh nabanne vanne hudaina yo vaneko pratipakxya ko bhumika ho,1,0,0,0,0
40,K-wl BaSnet desh kina bndaina pahile afu jati darma bnda pni mathy aubiyera afno bibek use garnus desh tesai bnxa bnxa bnxa,1,0,0,0,0
41,Kusum Gartaula samaya ko mag ho tyo,1,0,0,0,0
42,Sarina Bhatt yo sab chor haru hun,0,0,0,1,0
43,Mandip Subedi ehhh baa bolyo vanerr risako hoin k boleko xa tyo thahŕ xa??? Pramanitt garnu paryo ni boleko kuraa,1,0,0,0,0
44,Pratiksha Neyong Limbu Ani eai rai limbu lai matra na ramro lagne hora,1,0,0,0,0
45,Rozey Malla Thakuri ani Timaru aru jattle Rai limbu hernu nasakeko chy kin ?? Harka ko birodh garne fery aru jat ko matr xannn tw ....sahi kura gardaa pni birodh garx,1,0,0,0,0
46,Ekata Adhikari bolna payo vandai ma kehi nasochi bolne ho ta,1,0,0,0,0
47,Na bole nii birodh nai garney bolya nii birodh nai garney kei gari sukha na pauney vaya balloon uncle ta,1,0,0,0,0
48,Kaile dekhi gumseko balla nihu paye ..... Dalla haru le,0,0,0,1,0
49,Teri ma bhate haru,0,1,0,0,0
50,Jhola bokeko kasaila dekhina ta,,,,,
51,Sab khate haru hoo,,,,,
52,Jungali haru ko ajjai vaki xa,,,,,
53,E bideshi dalal ko sarkarlai sachet nepali le desh nikala garnu parxa,,,,,
54,"Wohi hamro desh Ka neta 
Bhanthe hunata Jun jogi Aaye Pani testai bhane 
Yo Thau ma Gaye pache sabai bheda nai Hunxa kya Testo ta lakdaina",,,,,
55,Kun party ko admin ho khali birodh ko matra post garxa yar,,,,,
56,kadal ayusha mahakali bechua KO Santan xa kina na garosh,,,,,
57,Sab khate haru hoo,,,,,
58,Bhate haru ko kaam xaina,,,,,
59,anpad haru10 khulit 11 khulit 12 khulit ish ko yad aayo,,,,,
60,Dhukka hunus yo birodh yettikai sakinxa,,,,,
61,Yasma chahi ke xa hao ra yasto birod gareka purno patry le,,,,,
62,Ipl herna xodera yo video herdai basyako xu yrr,,,,,
63,Yesta lai vote diyera sabai nepali janta le dukhya paune vayem,,,,,
64,Pariwartan ko lagi vanera jyan gumaye. Tara k pais Nepali? Pakshya ma vaka ni uii pratipakshya ma vaka ni uii..,,,,,
65,Class ma yesto ta normal ho ?,,,,,
66,Ipl vanda Yetai ramilo raicha yarr,,,,,
67,Yesto ramailo hernai paiyena hamle kp baa KO Paloma,,,,,
68,Badar pahile sahar bata dhapaune bela vayoo kta kti bajey kasto k gareko yestoo,,,,,
69,K garnya j Vaya Pani Nepal nai paryo kyarya,,,,,
70,Kam payea j hoss berojgarr haru ley..,,,,,
71,Pagal haru,,,,,
72,Hara bhatwa haru,,,,,
73,2/4 jana lai alu boom  padkaideu ta kosaile voli bata game kheler basxan ghar vitra,,,,,
74,Ko ho teo Chair uthaune,,,,,
75,"Kun chai bihari lai sansad banayexan….
Yeslai lai India tira lakhetnu parne",,,,,
76,Kasko ama hun kurchi ko kami vo ki k ho samatya ra vagdai xan ta,,,,,
77,Ho teivayarw ho Education important,,,,,
78,Maara maar kaataa kaat hunxa ki kyaa ho?? Shishir Dagami Magar,,,,,
79,Yuwa Haina jhola bokney jholey hunn jatha haru,,,,,
80,Kati dherai yuba o ho dar lagyo,,,,,
81,Beroj gari haru ko kam nai k xa ra vanya,,,,,
82,Sab kp ko xaura haru hun,,,,,
83,Student morcha tesai band hunu parxa vaneko haina ni...eene haru ko kam mai tei ho,,,,,
84,Job ma lagi halam hoii,,,,,
85,Baru bidesh jaao ek dui poisa kaamuxau desh lai pradusit nabanao,,,,,
86,Jholey Lai yuwa navanana rutu,,,,,
87,Nepali honi tero bau hola kukur,,,,,
88,Berojagar  Yuba haru yestoi hun kam na paya xi kai garey rw time pass gardoi xan,,,,,
89,Hoina yo sambandhi ta birodh ta vaaratle po garnuprni hola ni why we,,,,,
90,Yo chor harulai ek ek chamcha guu khuwayer pathaunu paryo,,,,,
91,Herdai mug hatu yemale hatu jasto xa,,,,,
92,Youba hoen ho bayrojgar/jholay vhanam hola,,,,,
93,Viral hun gaya hun yiniharukasto bani sano kehi vaihale Pani aandolan,,,,,
94,Bau le daijo ma dya kurchi sadan ma lagera fodna lagixe baulai,,,,,
95,Bahumat ko matlab thaxaina mula haru lai power vayesi j ni garxan .,,,,,
96,Badar haru,,,,,
97,Kasle jitayo yesta lai thukka,,,,,
98,Naboleni sukha xaina boleni sukha xaina garo xa hamro PM lai,,,,,
99,K ma birodh garne vaner mauka xopekaharulai kaidaaa vayo ni,,,,,
100,"Rabindra dhant laai Road to UFC baata sangsad maa  lyayera yo kursi uchalne done haru saga game garaunu paro lou savaamukh mahodaye!! Yinkaa mukh maa dhant kaa mukkaa, bhukkaa bhukkaa bajaareko herna man xa!!",,,,,
101,"Euta kotha vitrakai badar samhalna ta garo vairaxa 
Jungle ma vaka lai kasari saknu",,,,,
102,Ipl bhanda ramailo yata x,,,,,
103,"maile 10 years remittance pathako
yei muji haruko nautanki herna lai raix haina! saala",,,,,
104,Haina yo sadan ma badar matra janxan ki yaha gaye paxi badar vanxan nabujheko laaz ni xaina xya,,,,,
105,Jole haru,,,,,
106,Ajai xan loyan guys haru..aile samma ghanti ma prabesh gareko rainaxan tw,,,,,
107,Jhola haru,,,,,
108,Bujnu na sujnu govinda gaii vanya yehi ho… zebra cross xhodera Aaru thau bata bato katni yuwa nai ini haru hun…,,,,,
109,Ho yo ekdamai sambedansil abastha ho  kunai  na kunai gopya samjhauta garekai xa desh ko biprit yesle jagruk hunai parxa aba,,,,,
110,Aba kati din  lai kam pugyo aba,,,,,
111,Bomb lyau bomb... Yekaochoti ma sabbai swaha,,,,,
112,Yesta lai pane representatives vanxan? Tait! Laj nai lagnee... Sabaii namuna namuna raixann... Rcb ko game xode xode hereako haii*,,,,,
113,Josh ma hoss gumauna pugexa sudda bhanam ki suddii,,,,,
114,Aaba 5 barsa jasle j sukai vanun sabai pass hunxa jatha haru karairakhxa kina aaba aarko chunab ma bahumat leraune aani aafai garne j j man lagxa jatha haru,,,,,
115,PM jasto manche le sochera bolnu paryo ni,,,,,
116,Count garam ta berojgari kati rahechhan,,,,,
117,Arko chunab ma 5 sit,,,,,
118,"Sai ho,  yasto pani bolne ho",,,,,
119,Sabai bhanda pahile yee badar haru bhagauna paryo. Jaanvar hun ki saamsad?,,,,,
120,tiktok ma vanda ta yata po chartikala ramailo hudai rahexa,,,,,
121,UFC ma pathaidim rutu medal sure,,,,,
122,K payau nepali kera,,,,,
123,Rada ban haru,,,,,
124,Jholey Haru ko kaam ny tei ho,,,,,
125,Naboldani birod boldani birod yo tw schedule voisako,,,,,
126,Herdai tahahuncha kun ho kaha ko bhanayra,,,,,
127,FIFA World Cup aaudai xa raw ho so I will be busy watching it otherwise I would have replaced them and taken over,,,,,
128,Bijok xa yar..tanab nai tanab.,,,,,
129,2/3 xa pelera laijau sabai. Maha veda haruley defend handi halxan vagwan haruko.,,,,,
130,New goverment aayse asto picture dhakna pardena hola vanko ustii jun joge aaya panii kan naii chirako vana jaii,,,,,
131,UFC fighters chali ra xa Nepal ma Ni,,,,,
132,IPL final vanda yata po ramailo xatalauna kata herni hola,,,,,
133,Anpad pakhe haru ke majority vanne bujhdaina ki k ho sadhai badar bewahar dekhaunu oarcha ra?? Yesta ko samsad pad ra ahile samma ko sabai talab firta garna lagaunu parcha,,,,,
134,"Hami lay iniharulai tya ladnw pathaya hou tesilay ladirw xn ,desh bikash garlan,kanun ramro banaulan vanerw pathakaa mnxya tw laddai xn ,j ho pargati ho yo ni",,,,,
135,Ramilo po xata yata ta,,,,,
136,Inharu baru badar dhapauna pathaye janta haru kasto hola tw baru euta problem tw solve hunxa yesto harkat day by day,,,,,
137,Aba Badar dhapauna lagda hune bhayooo hanwniya haru laii,,,,,
138,IPL Final cha yrr..aaja yeta herna vyaiyena,,,,,
139,Majority vyesi ni jabarjasti hunxa?,,,,,
140,Yo sabai feri harka daju naaune din ma hunu parne ?,,,,,
141,Kukur ko puchar sidha hola yo khatey yemaley congress maobadi manxey huna sakdeinan,,,,,
142,"Where is Backbenchar leader harke ?
Harke vako Vaya Kati ramailo hunthiyo hola jhan",,,,,
143,Vote kinaa change vayo vane ho yaai bata tha hunxaa,,,,,
144,"Jabarjasti kasari hunxa 2/3 vote xa hoina ra aily ko sarkar sanga ki 
1/3 Ko kura suney ho sarkar ly 
Nabujhyeko kura......ajhai samma....
Bujhaidinus kasaily khas mh k ho kura",,,,,
145,Sankhya pugya din aajai ho,,,,,
146,Yo pagal pagalni ko ho asta lai gu aujel kutna parxa janta ko kam garna patha ko ki bal dekhauna,,,,,
147,Ipl vanda yatai ramilo raixa,,,,,
148,aayo aukad ma abha balal tha vyo ne aafno sarkar huda kasri pass gartho timi haru ko sarkar ra party la,,,,,
149,Jhola haru,,,,,
150,Thukka berojgari haru  nabujhi pakkai bolya ta hoin hola  parman diya voli vani ye berojgari gari sabai li khor ma rakhar latthai la dam basunjal dinu hai mama,,,,,
151,Khoi ta yini haru Lai job deu I think they needed job badly such a job less person,,,,,
152,Na boldaboleyna bolda birod yemaly matra hola yesto chutiya,,,,,
153,Rojgari navayera ho,,,,,
154,Garmi ma hawa khana hideka holan sayed,,,,,
155,kei yuba yattiko hunu parx desh ma ...,,,,,
156,Yo gumale ko hoki  chameli gang ko ho,,,,,
157,Masu vata haru,,,,,
158,Yo mc haru ko natak dhirai vyo uta ipl gt le garo yr  yo khate hari  le npl ma k hi huna dine xin sab lai hatkhuta bhacne gati police khata sarkar,,,,,
159,Yeti garna napayare aasti Dekhi bolena bolena vaneko hola,,,,,
160,Yesta sala khatey haru lai yak yak Gari xoper hannu parxa k ani tahah hunxa,,,,,
161,Kursi uchalne bani kaile nahatne vo neta  haru ko,,,,,
162,"Sadai ko natak k ho yesto, janata le kanun banauna pathayeka hun , dada giri garne thau hoina",,,,,
163,"Ramailo xah je hos 
K garya hola yo?",,,,,
164,Aaja voli khub news herne bani pareko xa samsad vitra yesto ramailo xa,,,,,
165,Nastik haru??,,,,,
166,IPL final Vanda yeta ramailo raxa,,,,,
167,Yasto haru laii jitayasi yasataiii ho,,,,,
168,Yeti ko herna paye xutai saan xa sansad ko,,,,,
169,Manpower daley lai sabhamukh banayesi aba yestai hunchaa.,,,,,
170,Jabarjasti vaneko k ho?,,,,,
171,"Hait... 
 Yo ho ni tarika",,,,,
172,Rabindra Dhant matra haina Nepal ko dherai MP haru UFC ma jana sakne rahexa...,,,,,
173,Yattiko ko chai hunu paryo hai,,,,,
174,Ghuda muni 1goli 1min ma ghar pugxa enaru,,,,,
175,"Yuwa haru 
Veda haru ",,,,,
176,Haina hola,,,,,
177,Desh banaunu gako manxe haruko yasto xa para ani hunx janu ni baru UFC khelnu,,,,,
178,Yuba vaye c 2/4 mukka ek arka lai hana han ta hunu parxa,,,,,
179,Yo khateni ko raixa,,,,,
180,Nepal naii India ko ho k madachot kina kura nabujeko,,,,,
181,Bhatuwa haru,,,,,
182,Thukka pagal haru,,,,,
183,Sala haru rabi le vaneka theya ni pm bolxan dhumdhadka sath bolxan vanera aba bole sab ko chaak maa aago lago,,,,,
184,Mailey ta ipl final xodera yeta herira xuh,,,,,
185,20/25 seat ma jarda pani buddi ayena hai.. next choti below 10. ani next chunab ma 0 nahola vanna sakinna kinani minus hudaina parliament ma.,,,,,
186,"Opposition 
Gunda gang, 50 barsey so called student leaders, 2-3 ta bridhha samsadh, Anarchist harkey gang ",,,,,
187,Bolda ni sukha xaina nabolda ni sukha xaina,,,,,
188,Aananda ley ghar ma nasutera kina hola ne,,,,,
189,Kaam napayesi garne nai yehi ho,,,,,
190,Tesma maubadi Pani dherai xan,,,,,
191,2/3 rd ko support huda hudai pani .....???,,,,,
192,Yniharu lai karbahi hunxa ki hudaina sabhamukh jiu??,,,,,
193,Aandlan ma aaune khate Hun guethe jasto jatha Hun...hami nepali le espali sarkar ko kamlai sahansilna purbak kamlai nadekhi kei kura ma birodh garxau vane Nepal kahile pani agadi vadddaina...dhanyabad jay Nepal jay garkhali,,,,,
194,Nepal Police mama vaata hannu ta,,,,,
195,Kehi nepali yuba hoina yamale ko bheda vanne parjati ka jantu haru hun,,,,,
196,R*** haru,,,,,
197,laaj ko pasaro,,,,,
198,"Yeii dekhna baaki theo dekhiyo
 aru pani post garum high jump wala",,,,,
199,Goli hana ek ek lai.  Sala sabai le mare hunxa. Bau marera aama ko jawani sakera xori ma aakha lagaune jaat vanthe yemale lai. Ho raxa.,,,,,
200,Oli ka gu khane haru yastai hun,,,,,
201,Yo aaimai lai samsad banauni kun party raicha?,,,,,
202,"Yasta aarajak lai vote dine janta lai xhai k bhanne aba 
Bikash birodhi aarajak sangathan",,,,,
204,Dikshya Adhikari ... Jam jam po Vai sakyo ta ...bomb nai chaina Ra po ?.,,,,,
205,Ghar ma Kam xaina k garu k garu vako theyo hola,,,,,
206,"Deusi kheldai po ho solti hru 
bhatyao masta gharbeti niskini wala xainan",,,,,
207,Sab kp oli ko party ko manxe ho,,,,,
208,Bolda pani Vayana na bolda pani Vayana,,,,,
209,iniharu le kei napdinanan,,,,,
210,Fursad dherai vayeko haru,,,,,
211,Jholey haru,,,,,
212,Kamm xaina mula haru ko,,,,,
213,Voli ko india ko patrika ma ipl vanda paile nepal le india ko jamin micheko xa vanera headlines aaula jasto xa,,,,,
214,Kam kaj xainw k garum vandha andolan garum viral hum vanxan hunxan jholey haru aru kam xainw tihi ho kam ?.,,,,,
215,Yeni haru ko kaam hudaina kya ho j bani birodh garna lai sadak mai ekchin mmai niskinchhan ba pailaka thula neta haru twtra guff denthe teti bela chai kun dulo mah harauthe yeni haruu kha k vannuu,,,,,
216,Berozgar haru sabjana haha,,,,,
217,Purano kukur haru ajhai sudhriyanan,,,,,
218,yo  kun chai ho mula super man jasari kaile udi raxa kaile jump hani rako xaaa,,,,,
219,"Mahabir kaka la thik vannu vayako thayo badar hatauna garo xa
 thukka  badar haru",,,,,
221,Badar aatanka ley dukha diyo ni prabhu sansad ma ni,,,,,
222,Yesta le desh banauxa,,,,,
223,k hereko Debre haat ley deyna,,,,,
224,Tyta Nepal KO samsad harau meeting basako vnu nni laj lagdo k ho yo ntk,,,,,
225,Badar vanda paila iniharu lie thegan lagauna parni vayo,,,,,
226,Yesta ufrine badar lai Sadan ma puryaye paxi yestai hunxa,,,,,
227,Nepal ley micheko bharat ko thau katai Dharan tw haina ?,,,,,
228,Kurchi uchalne kun party Ko rayexin teskai tauko ma bajaunu parne,,,,,
229,Kursi uchalna pathayeko po raixa ta yeha samma,,,,,
230,Bikram KathetJati gare ni yemale lai manxe banauna nasakine rahexa,,,,,
231,K saro ramailo gareko hola Amama action movieko villian jhei garyaxan ta. Bhatey haru na kam garne vaye nata kam garne lai garna diney vaye.,,,,,
232,Teu Tero bau ko personal property Hoina gawar muji khatey ni Jholey ni,,,,,
233,Nepali bigboss,,,,,
234,IPL vanda yata ramailo xa,,,,,
235,Kati ramilo hoteej naaudai yesto,,,,,
236,Bigg boss ho kya,,,,,
237,Bhandari Tara sahi ho,,,,,
238,Thukka yasta badar ta chhan samsad ma kaha bancha desh,,,,,
239,Jangali haru,,,,,
240,Rekha Khadayat pahila high jump dherai garthiyo re ke khetko aalima tyaslai kamal hola,,,,,
241,Teasure release garnu parla jasto x,,,,,
242,Bahut majja aarahaahai....malai markey,,,,,
243,"Who said nepal ma big boss, spitsvilla xaina?",,,,,
244,Ipl Final vanda yetai ramaiiloo xah hai,,,,,
245,"Vayo Nepal lai Yamale Congress nai thik ho, future analyze nagari patar patar aru le j vaneko cha tei kurako paxi lagne thukka, afno logic lagauna nasakne hawa Nepali haru.",,,,,
246,Comedy show ta aasai badhnam xa  aasli comedy ta samsad ma chaleraxa,,,,,
247,Sab Lai. Bhata han sarkar,,,,,
248,Haa haneya jeu haru murdabad,,,,,
249,Ajhai masu bhaat khana pugya chaina bhaatey haru????,,,,,
250,J hunxa nepalma hunxa  aba kam paya,,,,,
251,Yo Sab party KO jholey Haru ho madarchod,,,,,
252,Bolya ni sukha xaina na bolya ni sukha xaina  kasto manxya haru holan,,,,,
253,Not Yuba padheleheko gawar bhanxa yesto li .Muji sachha desh bhakt ho vane,,,,,
254,Bibek Rungmahang Rai awta sts chaenxa aba,,,,,
255,Boleni pir nabole ni pir,,,,,
256,Berojgaari bhatta ko bewastha garnu paryo,,,,,
257,Aastha Dhakal ho nani ho.. nepal nai bharat ko hissa ho bhanya bhaya ajhai ramro hune raixa ne hai ,,,,,
258,Bhata charge napuge KO hau ek dui bhata lagam na yinihru laii ani line ma aaucha..,,,,,
259,Yemale le vannu ni hau,,,,,
260,Chutiya nai chutiya ley variyako desh,,,,,
261,"haina bolepani sukha xaina nabolepani sukha garna k raixa vanya yar 
bolena bolena vandai umfriya  aba bolyo  feri umfriya",,,,,
263,Gar gar j garna man xa gar hami Lai bal Xina,,,,,
264,Ystai ystai Gopte haru le grda desh ma bikash nvako raix,,,,,
265,"Yuwaa haru
 Jholey haruuu",,,,,
266,Dipak Acharya kina testo gareko,,,,,
267,yemale ko kam xaina pahile ni testai garxan ahile ni,,,,,
268,Ipl vanda ta yta po ramailoo xa aaja,,,,,
269,Bee Nod Thapa testo navana 49 ma all out vako history ni k tha fery dohorina ni aakxa,,,,,
270,Mahabir pun le xito badar dhapaune machine banaunu paryoyesta natheybadar nai badar xan samsad ma,,,,,
271,Yesta samsad lai vote halne janta kasto holan,,,,,
272,Didi bodybuilder ho ki jasto lagyoufrina panii danger ufrinu hudo raixaa,,,,,
273,Jholey haru jindabaad,,,,,
274,Kam napayaka khule haru,,,,,
275,Kim zong pani aaunu bhako rahechha tah,,,,,
276,"Pagal haru xa hau xyaa k huna lageko ho jhan k ko birod garna pareko ho yesto bidi, Yini haru 4,5 jana donkey haru lai niskasan garna parxa yo GENZ KO MAG",,,,,
277,k kaam layo taw 2ui 3itai sarkar ko,,,,,
278,Kursi bokne chai ko rahix feri,,,,,
279,Praveen Yadav hjr ta live hernu hunxa ni..jogiyera hernu,,,,,
280,Shasiraj Adhikari Aab ta Shield Lagayera Kaam Garnu Parne Awastha Aaisakyo Sir,,,,,
281,"182 leraayeko k kaam ho ta.congress , yemale, ssp jasto sano party harulai khusi banauna sakinna..",,,,,
282,Samsad ho ki Mahabharat ho?,,,,,
283,jabarjasti hain ke bahumatle pass hunx j pani jati karaya pani jati ufre pani,,,,,
284,Thukka m*** ho,,,,,
285,"Hera ta mero desh ko halat ?America, where do I submit my citizenship application?",,,,,
287,"Ai le ki Janta le ho
Nya ho ki purano ho
Reporter jyu..",,,,,
288,kink jon pani aako hun ra,,,,,
289,"abisha xetri time na vayar hola niii timero basne kurshi bahir lagna lako,tauko ma rakher",,,,,
290,Dipak Acharya handim k ho,,,,,
291,Bela Bela ma yestai hamro bmc clz tira hunx,,,,,
292,Yo Samsad Bhawan ko naam Wrestling Bhawan naam rakhda kasto hola sathi hoo…!!!,,,,,
293,Kushal Shrestha final bhanda nepal tira ramailo xa,,,,,
294,Hora Haina hola ki ho,,,,,
295,nawaraj devkota lu badhaai xa aayo hai foto aayo,,,,,
296,Sabai student leader holan check garum takunai na kunai party deki hunai paryo,,,,,
297,Yo  ta hunu nai thiyo,,,,,
298,Hoin Ka batt aauxa yasto namuna haru j Kura ma NE birod garne haru Ghar Kam Xain kya ho,,,,,
299,Dhad chilako jasto cha,,,,,
300,Hoina hola ki ho,,,,,
301,Pura no r naya ustae ho,,,,,
302,Yo aunty ta kada raxin jhandai sabhamukh ko mukh gako,,,,,
303,"Xyaa jata tatai ramaailo chha, kata kata herni ho",,,,,
304,Aha Kati ramro gyan daye raxan ramro lagyo malye ta 10/100,,,,,
305,Malai pani kasto movement  ma samila huna man lageu yaar balenko ajhako kura sunera thuiiika  guthey nai raicha pm ta hait,,,,,
307,Victore time chha sudhhrine Kam garda ramro sankhya ko kura hoina k beleko le mahatwo rakhchha.,,,,,
308,"Ini haru lai birodh garne bahana chaiyeko thyo gare 
K thulo kuro bhayo",,,,,
309,Nabolda ni hudaina bolda ni hudaina vata napugeko ho inarlai,,,,,
310,Rasopa ko hali,,,,,
311,IPL Vanda interesting vayo,,,,,
312,Badar vanda pahila yini janawar lai bebastapan garnu paryo,,,,,
313,Ipl hernu ki sadan ko roilo,,,,,
314,J gareni sukha xaina!  Nepal testai garib vako ta haina raixa nii !!,,,,,
315,Kukur haru ko jam ghat.,,,,,
316,Sahi ho,,,,,
317,Masu bhat khane din yechan yini haru feri,,,,,
318,Raj AT Bani YA yasta haru lai students vanna milxa,,,,,
319,Bole ni problem na bole ni problem pm banna garo raichha.give them some jobs sarkar..,,,,,
320,Pratipakshya lai kich out handim,,,,,
321,radika ban haru badar jastai uffrini raxan badar vagauna pathauna paryo taitt,,,,,
323,Jholey haru.,,,,,
324,sab k sab chor ho mujiharu,,,,,
325,gari khaau mg rd ko xora harukp ko xora haru,,,,,
326,berojgar haru,,,,,
327,Muji yemale hru hola,,,,,
328,Cricket vanda yata ramailo raixa,,,,,
329,Sahi leader harka n gopi hamal kulman mahabir pun,,,,,
330,Aba ghaito ma gham lagne vo ghante haru ko ysta des drohi haruko seaport garne kasta nepali hun,,,,,
331,Jaba gu haginxa teha kira haru seu seu garna lagxan,,,,,
332,"Police ko bhata charge ko surubad hunu parxa ,,",,,,,
333,"Hamro harka mananiye sadasya ka janu vayo 
Sabailai lagera dhunga bokaunu paro ke berojgar vayexan dherai",,,,,
334,Radiban jholey haru ajhai marya xainau khatey kukur haru,,,,,
335,Yeni haru bhanda tw boru kukur ramro saga karauxa hou,,,,,
336,Yo bacha harulai k thah kahile boarder ma gayera here po actual kura thah hunxa. Ho yadi thah xaena vane sarlahi ko jhim nadi ma gayera hera both side bata michiyeko xa,,,,,
337,Emale Lai moka paayo,,,,,
338,K ko jabarjasti bhandai cha yo routiney feri? Pratibedan jabarjasti parit huncha ra guithey? Lekhna payo bhandai ma line nai naheri chai nalekhana hau. Bahumat aayesi parit hune hola ni ani k aba tyo ni jabarjasti huncha? Talai daka!!!,,,,,
339,Live hernw ticket kata ktney ho ?,,,,,
340,Hera kukur haru,,,,,
341,Hoina k vairaxa yeta feriiii,,,,,
342,Jatha haru ladera marihala,,,,,
343,"Nabole ni problem,bolexi big problem
Garo xa PM lai",,,,,
344,Xakka haru,,,,,
345,Eni haru lai tei tauta kura chaya hunxa jatha haru mg kamai kaii xaaina,,,,,
346,Bharaute gyang haru,,,,,
347,"Yesto mindset hunelai law anusar kei na kei karbahi tw hunu parxa 
Natra aba sadai yestai dekhnu parxa hamle",,,,,
348,Hamro nani babu harule ke siknu huncha,,,,,
349,Ko bauni bajai ho yo sarai kada raixin bichara yasko budo ko halat k hola?,,,,,
350,Aba urlera k garxan feri yini haru kta le,,,,,
351,Bekup haru gabar vyesi testai ho yo gabar vanekai emale kai niskiyo,,,,,
352,Pakka rcb ka chakka haru hun ine mg pani,,,,,
353,Kaam payo yini haru le,,,,,
354,Hemrŕj Kunwŕr  Chinnu vayo ta?,,,,,
355,bheda haru thulkaa,,,,,
356,Yo law maker ho ki chaos creator ho ki. This women seems on top to create situations,,,,,
357,Balla ab kei din ghr ko chulo balne vaya xa yeti vuke c,,,,,
358,Bujnunasujnu veda haru,,,,,
359,Tara baji Lai Lai,,,,,
360,Kura bujnu xaina kukur aru,,,,,
362,K ko absrodh bahumat uniharu nsanga nai ch,,,,,
363,Pahila vari bolena vanera gare aela bole pani garney k hola k ja gare nhi suka xaina yo manxe haru lai,,,,,
364,Kp  Oli kaa Baan haru,,,,,
365,Sab amaley ra harke ko manxe hola 20.30 jana holan ekxin ma ghar farkinxan chill guys,,,,,
366,Jole haru ko raojgari khulyo,,,,,
367,Oli ko Toli,,,,,
368,J ma ni birodh  birodh garda ni alik kura bujhera garum na,,,,,
369,India KO jamin firta gar Sarkar,,,,,
370,Thukkaa badar haru,,,,,
371,Kailay nasudhrenay  vo yo purano gandu haru,,,,,
372,sab RCB ka fan hunn jasto xa,,,,,
373,Yo nilo shirt dekhine khate ko naam Gopal ho .. ASCOL vupu gunda khate,,,,,
374,Bagwan goli hanhou aasto haru lai,,,,,
375,yaniharu vukdaima kehi chodidaina kukur haru lai haddi  falyo vne chup lagxan haddi khana napayarw ho,,,,,
376,monkey haru ..... kurwa,,,,,
377,Saav gunda don Chor jasto po xan ta,,,,,
378,Aru desh arkako kabja Garda garba garxan hamro ma chai dukhi,,,,,
379,Kuro ko churo bujnu xaina paila ramro sanga research garau ani birod garau,,,,,
380,Khate haru je kurako pani birodh garna janmeko,,,,,
381,Garnu parxa je man ma lago tai bolna painxa ra pm hos ke cm hos,,,,,
382,"Agadi aemale xutexa
Aemale yuba hola",,,,,
383,Yemale hola,,,,,
384,Garun mula kati fursad mileko ho,,,,,
385,Matee ho hola eniharu,,,,,
386,Gaurav Khanal first ko tw hainas ra kta,,,,,
387,Thukaa yastae vara ho hamro dess nabaneko,,,,,
388,Suraksha Gadtaula dekheyenaa ta yoo,,,,,
389,"Sampurna communist haru murdabaad 
Karyakarta kaa naam ma dalaaaal gunda haru murdabaad  
2084 ko local election ma nepal bata nepali harule communist ko gene lai nai sakkyunu parxa natra Nepal jaile pani daridra desh nai rahanxa.",,,,,
390,Kam napyaka hru Aru k grxan tw,,,,,
391,K xa GT Fan Haru ko Khabar,,,,,
393,Mula haru kaam payena ani,,,,,
394,Gu haru,,,,,
395,"Andolan garnu karan k ho?? Kun subject ma?? 
K vako xa ini haru lai??",,,,,
396,Yestaii huney ho desh mah aaba .?,,,,,
397,Nepali kahily sudreni vyana thukka,,,,,
398,Khatea haru kam xain,,,,,
399,Gumaley ko jholey hola phakai pani,,,,,
400,Kamm navaka.... Gu.. Haru.. Khateharu....,,,,,
401,Hoina yo cm ke joine tanera jhyap ma bolxaki Kya ho natra vane cm jasto garimaya padma baseko manxele yesari nabolnu parne ho,,,,,
402,E muji haru ko kam chaii xaina ki k ho,,,,,
403,Chak ma bhato handau sarkar inharu ko.!,,,,,
405,Yuva na na jholey,,,,,
406,"Tapaihrulai lage hola aba. Oli pm banese home minister ko banxa hola ,,,

Ho ho ho ho",,,,,
407,Language ali namileko jasto lagyo routineko,,,,,
408,khai yo desh ko tah kei hudaina j garey nih !,,,,,
409,Bheda haru lai k nihu pako  ufri halxani jhan harke ko kati status aauney ho,,,,,
410,Lokendra Khadaka dai yo mote tw .... haina rw,,,,,
411,Aasti samma amreican vanne la aba indian vanne hola jasto xa,,,,,
412,berojgar ko number dherai vayapaxi yes tai ho,,,,,
413,Kp ko gang,,,,,
414,Ini ma chikne haru ko Chaak ma MDH ko rato khursani dalerw bhagaunu parxa,,,,,
415,Sajan Shrestha bhada ko tattu haru ta ho,,,,,
416,Jholey mg haru,,,,,
417,Ufffff kaam paye aba eniharu le,,,,,
418,Janta nai ferna parney jasto muji haru khatey ko bachhha muji,,,,,
419,Vata kamti vako jholey khaty haru laii,,,,,
420,Beroj gari dharai xa tai vayara ho,,,,,
421,"eestaa berojgaar haru ly gardaa des begryaa hoo 
jasly aaruko matra galtii dekhcha
india lai naramro vaniraa des banni vaya raja ko pala mai des amarica hunthiyo",,,,,
422,Passport ra license band gareyase aananda hunxa jhakney haru lai,,,,,
423,Sabko mukh ma thuke pani k he farak pardaina  mg haruko,,,,,
424,Kai padeko vayepo tha hunxa mula haru lai,,,,,
425,Madhesey ko batho talk..Marya madhesey ley 7 jana jimdo nepal sakxa,,,,,
426,Kehi yuba purano party ko vatuwa ,,,,,
427,Bolda ni kina nabole ko vandai nara laune aani bolda pani nara k ho yo yuwa ko para??,,,,,
428,Malai baal,,,,,
429,Jholey ka ban haru,,,,,
430,"Murkha harule khojekai issue aayo xa ,k niu parau bhairako thyo hala",,,,,
431,Bichara hamro pm lai aayera boleni nahuney naayeni nahuney uff kathai mero desh. J gareni aaula uthaihalxan.,,,,,
432,Berojagari Haru,,,,,
433,J bhaye pani pradarshani matra garne bhaye aba nepal ka yuwa haru chai,,,,,
434,Vukna kukur la kailey pani tokna sakdaina,,,,,
435,Surya Sapkota Euta QR haru,,,,,
436,Surya Sapkota Voli parsi garla ta j kura maa ni birod garne Wala Baki holan,,,,,
437,Pm ley bolda pane pradarsan  na bolda pane pradarsan,,,,,
439,1 hapta lai dose iniharulai,,,,,
440,Yo kuttaharuko kaam nai key xara khako vaat ta pachaunae paryoo,,,,,
441,Krrish-na Lamichhane sathi yeni haar lai ni portugal l Laijau yar,,,,,
442,Maasu vaate haru.,,,,,
443,Veda Haru,,,,,
446,Sab lai jail ma thunda hunxa..,,,,,
447,Khadka Bizu sadasyeta khariji ko maag gardaxau......,,,,,
448,Kaam na paayepaxi k garau k garau hudo raicha  malai ni alxi lageko bela estai hunxa. Baru 2/3 ta biruwa ropnu ni khali samayama.,,,,,
449,"Bee Na Ak Lgn  naipis nalayak,blue tik hata fb bata suhaudaina talai",,,,,
450,Yahi kukur haru le garda ho desh mathi jana nasakeko,,,,,
451,Pagal haru,,,,,
452,Kahi Hoina k bro yamala la vana na,,,,,
453,Berojgaar dhunge haru,,,,,
454,Routine of india banda ta gadha primeminister le bolne kura tei ho ! Kei Yuba haina singo Nepal lai tanab vako xa,,,,,
455,"Jholey haru 
35 yrs samma nwvako bikas 35 din ma nwkhoja",,,,,
456,"Kukur haru lai k chaiyo,,,hathi le ek khutta chalyo vane,,kukur ko bhukne Line hunxa….",,,,,
457,"Aba suru hunxa 
Yeti chadai asliyat dekhauxa jasto chai lageko theyena",,,,,
458,Sahi lai sahi galat lai galat ta vanna paiyoni,,,,,
459,"Natak
Jindagima yei dekhi aru kei garna janenan",,,,,
460,Jholey mugee haru ko k kaam,,,,,
461,"Maaobaadi, Gaganekaa Hali haru , KPI Kaa Gu haru .. Khi nabujhi gawaarharuko rojgaar khulyo aba",,,,,
462,Jholey haru,,,,,
463,Berojgar vayesi kx r ma t sute bihan kam xa,,,,,
464,Tha vakai kura ho jholey haru bata aru k nai expect garna sakinx ra,,,,,
465,Kamai k xa r,,,,,
466,Jholey vayesi estae ho,,,,,
467,Yetti ta garna paro kere hamro desko yuwaa Le Jane Kai tei ho euta la la vai ho Jana paryo yeti yeti hunxa vanesi huss dai vandai Jana paryo ni Jay Jay kar garna,,,,,
468,"hahaha hamro respected PM le ghumeni andolan , khayeni andolan,naboleni andolqn,boelni andolan, yetro barsa yo chor haru le desh lutda kaha thiye ini bharautey haru..",,,,,
469,Resham Bhattarai kehi na kehi adhar ma bolnu bhako hola ni ...PM bhaisakepaxi bina proof bolnu hunxa...ani yo awaz haru jun utheko xa ni ...tyo awaz aile samma kina chup thyo yetika barsa bhaney kura malai lageko ho sir...,,,,,
470,Yo pagal harulai thokna chap basni gari,,,,,
471,tima haru lai lakhetna aba naya force tayar parnu parney ho ?,,,,,
472,Niskiyo kukur haru sino khanu,,,,,
473,"Vai haru npl ma birodh gari baseko vanda khadi Jau yar , timi haruko Kam xaina nepal ma , khadi gaye remittance ta badchha.",,,,,
475,Gara gara mg vatuwa haru,,,,,
476,simana jane aat xaina kukurharu yeta ktm ma vukera thulo desh premi banxan kp harkyeka putra haru poile tarai samma jane aat gar khate haru,,,,,
477,Yini harle Asari nai desh lai kangal banakaa hun.,,,,,
478,Ho tesaile bolnai hunna yo bahula haru ko agadi,,,,,
479,J garda pani birod gardai basa …atika barsha buda khada ley desh asto banauda chai kaa gako thiyo timi haru ko dimag ra birod pardasann Teti bela chai aakha ra kann thunera baseko hola ne,,,,,
480,masu bhat khana napayeka derai den bhako thiyo re tei bhayera khana niskinu bhako uha haru,,,,,
481,Kati khera Ka boli chiplincha niskihalau vanera baseka kam bihin manche haru bidako subida dher vo yo Sunday bida kharej hos work pressure vaye paxi weekend baira ka manche ghumna fresh huna pariwar lai time dinxan vanne Bhram bidako matlab nepali haru lai gossip garna aandolan garnu ho tati ho,,,,,
482,Pagal haru..,,,,,
484,Garmi bhayera hawa khanu niskeko hola guithe haru,,,,,
485,Jajir khulyo aba,,,,,
486,"Haina kati xito team banni ho 
Aago lauro patra sabai kati xito jutakayeti xito aafno kam ma dhyan dini vako vaye desh astenai banthyo ?vagawannnn boli jharna pako xina uta aago balisakyo",,,,,
487,Yeti garesi arko chunab jitincha ki esso chance pai halincha ki vanera hola ni,,,,,
488,Ipl vanda yatako match khatra xa ta,,,,,
489,nepal ma kehi kam xaina thukka sala,,,,,
490,Jholy haru ko kam na vaya paxi yastaii ho,,,,,
491,Aru kura sunenan eauta kura lai pakdiyo ani tespachi radako..Kahile sudhrinchan Nepali janta haru,,,,,
492,Kim Jong ni aaye jasto xa,,,,,
494,Yeti ni nagareko vaye hune question garna paincha yeti ta jaruri thiyena ki?? Sadhai aasanti machhai Rane ho desh ma ??,,,,,
495,Madhu Bc jyan banako k kaam 1  2 jana lai gayara haan na,,,,,
496,Shishir Pandey lagdai x yarr goru nai xan yarr manxe haru,,,,,
497,katai harke le pathako ta haina ni,,,,,
498,kasto pagal haru lathi charge dina parne,,,,,
499,Tehi vayera bolnu hunnaa. Chupa lagera Kam garnus Vanya yehi ho....lesson learn,,,,,
500,Aaja kta haru lah masu bhaat khana payexan aba,,,,,
501,Yuwa chai hoina hai..... Party ko jholey haru ho,,,,,
502,"Dhukka hunuhos
Yesta nathey ley kei garna sakdenan",,,,,
503,Vata na pugya mula haru lai,,,,,
504,K khojis kana akho bhayo birodhiharulie,,,,,
505,K bal vo ta,,,,,
506,Yehi karan le desh ma rojgaar srijana grnu ati aawaskta vaesakeko xa,,,,,
507,Shreya Khadka Tei ta k,,,,,
508,Rokiss Magar toh randikoban sanga praman xa nahune kura garera k garna khojeko lede khatey,,,,,
509,Garo xa hamro PM Lai bolda ni birod nabolda ni birod,,,,,
510,"Kati fursad hola iniharu lai feri
Yaa afu lai ekxin free time xina",,,,,
512,Ani Rutu ko pani spelling slip bhayo ki k ho wallen Shah lekheko xa ta,,,,,
513,"Yuwa haru  
Gagane, Kp ka chauwra haru ",,,,,
514,Sanu Malla deuso garmi hunxa vanera aandolan pani rati road ma batti balya pachi garya xan haii garmii,,,,,
515,Pramod Dhungel bhai bolna chai alik b4 napurako ho haai pradhanmatri jeu le,,,,,
516,Thakuri Dik Shya mali yasta berojgari ko  protest herna time xaina,,,,,
517,Enarko aru kei Kam hudaina ki kyau,,,,,
518,IPL final herna xodera kina sadak ma ????,,,,,
519,Masu bhat ko sawal xa.,,,,,
521,Khana pakayera momy ley kuriranu va xa chora haru eveningwalk ma gako raixan,,,,,
522,RCB vs GT ko final herana,,,,,
523,"Varkhar ta 2,3 mahina hudai xa aba ajhai 4 barsa 9 mahina chak polnai baki xa",,,,,
524,Mero 2 ta dai haru tw dekhina tw maile,,,,,
525,Ani tmi le defense gari raheka xau,,,,,
526,Deepika Subedi k hudai xa yeha,,,,,
527,Saphin Acharya  milan ji jastai xhan ta nilo laune,,,,,
528,1 month ko salary aauni vayo ab Prakash Sunar,,,,,
529,Birodh garna bayek aru k jnya  xa ra nepal ma,,,,,
531,Sangam Pandit 3 ho 2 hoina yrr teso bhaye ta,,,,,
532,Jyakne haru,,,,,
533,Core area Ganna Baki xa ajjai.....,,,,,
534,Ghar baas vaatuwaa haru ..... Kam xaina pagal haru,,,,,
535,Uml ko jholey haru,,,,,
536,Sala haru rabi le vaneka theya ni pm bolxan dhumdhadka sath bolxan vanera aba bole sab ko chaak maa aago lago,,,,,
537,Salary per hour kati raixa yuba mitra haru lai,,,,,
538,"Kun bela bolxa ani birod garnu parxa yesko nam ma vanera parkhiraheka haru XAAN... ani koile chai desh ko lagi bolne manxe pauxau HAMI,?,",,,,,
539,K Kura KO birodh ho laj haraka haru,,,,,
540,IPL herna jawo na hau.,,,,,
541,Keta haru lai beluka masu bhaat pakka,,,,,
542,Napis hami xainau timharulai taha lagaune?? Kei socheko xau ki xainau?? yo banda garr. Ghar ma vaat kurera basiraxan baa ama. Ghar ja khurukhuru.,,,,,
543,Emale ka faltu kukur haru,,,,,
544,Jholey haru ho sab,,,,,
545,Kasrii lekhanu vo tw sir yasto kura,,,,,
546,Chandra Shekhar Sharma jasto dekhxu tw,,,,,
547,Berojgari haru kaam xaina kudya xan kudya,,,,,
548,Susaan bhayo vanera k vandeko aba ali din lai pugyo,,,,,
549,Salik Kandel m ni jhuke hai,,,,,
550,Salik Kandel paper Mathi gareko keta hai,,,,,
551,Vannekai thiyo ta sunnda achham lagna sakxa,,,,,
552,Berojgar bhayesi j gare ni bhayo,,,,,
553,Kim jong un pani raicha ta andolan ma,,,,,
554,Kaile k huncha vanera kuriraka thiye yi chai,,,,,
555,"Hamro college ko sabai chan ta 
Kina k vayo temi haru lai?",,,,,
556,Kim Jong-un chai kaha bata aayo,,,,,
558,Chandra Adhikari tmi jstoii xa ta k ho,,,,,
559,Biman Yesmali Magar tso vaya ta harku kati bolxa dada,,,,,
560,Amit Řli hoina hola,,,,,
561,K k hune ho fari,,,,,
562,Yo bachha haru bujdaina voli ko din ma lipulek line chakkar ma economic blockade handinxa ani kata bata lyera aauxau saman haru .Vako desh banauna xodhera india sanga vako boundaries milaune kura garnu parne ho natra 2 4 wata jet pathauxa ani hane pachi tha hola,,,,,
563,Yo sabai Hagan ki bedroom BATA gako Hun,,,,,
564,Ishwar Bohara hoki kya ho..,,,,,
565,"Ready vayera basya hunxan hai raadabaan haru  
Kati bela k vanlara vyaa vyaa gardai veda haru ghaas Khana aaihalxan 
K ko roilo ho",,,,,
566,Ipl vanda yeta po interesting raixa ta,,,,,
567,"Yestai bheda harule garda PM le nabooleko ho..
PM le ta testo statement hawa taal ma pakkai diyenan hola..",,,,,
569,"Desh ko lagi ramro sochne bhanda protest garna sajilo raicha, kaam kam, julus dherai",,,,,
570,Raadaban haru jagga lina varat janu ni,,,,,
571,"Katheharu des ko kalkarkhanabechaney
 Desko kholanala bechaney desko jantalai bechaney kathee haru birod garirachan",,,,,
572,Yesta berojgar lai ni kam laideu ta sarkar,,,,,
573,Rojal Chettri rcb le jitxa vanerw Vai khusi xa,,,,,
574,Bijaya Adhikari ma chikne tapare goru randika xora,,,,,
575,Yuba haina kaka haru,,,,,
576,Ek jana manche chai chaina baata Awayo jasto xa,,,,,
577,Naboli naboli siddhinchha yo natak pani,,,,,
578,Hoina hola yeh dai india batai hamro sima pirta garw vanerw aako hola kya,,,,,
579,Comedy show hernu vanda ramro parliament ko meeting hernu hoo. Full entertainment,,,,,
580,Yo muji yuva haru lai pahila majdori garna lauta rada haru din ma garmi hunxa vanera Belka virodh garna niskiye,,,,,
581,Sabaii gang haru lie auta auta  dinu MN xa la,,,,,
582,Basanta Adhikari  kasto janya  tyakkai,,,,,
584,Anish Dutta ah Jhan aarko baklol Harke Comedian Xadai xa,,,,,
585,"K Saro Betojgari Haru, Bau Ama Le K Herira Hola Ajhai Kotha Vada Tirdera",,,,,
586,Neu paihalyo aba yei gardai basnu! Desh lai bikash kaile huna nadinu #masubhatey,,,,,
587,Krishp Deupala ho ho Sahi Kura garnu bhayo hajur le,,,,,
590,Nepali honi ta radikoban ghantey ka din aba janxan bistarai herdai ja,,,,,
592,Nepali honi sai vanu vayo tara hanuman na banu aaj j bolyo teo ramro chai hoina teo mannu paryo …. Hanuman nai vaya pani vagwan le galti gare pasi galti vayo haju vanu paryo…..,,,,,
594,Saksham Dahal malai ni timro reply aaucha jastai lagirako thiyo,,,,,
595,J garey ni andolan,,,,,
596,Amale. Haru matra ho,,,,,
597,Yini haru tw Qr pati ko manxey jasto xan tw,,,,,
598,Nice natak damna ho,,,,,
599,Cockroach  haru,,,,,
600,Timi Haru chai khadi nai jau baru,,,,,
601,Well done bro haru,,,,,
602,Kam paye sab le,,,,,
603,IPL herna xodera syd final ma pugna nasakeko team ko fan haru huna parxa,,,,,
604,RCB ko bowling vaera hoo,,,,,
605,Aandolan garne rahar lagera po raixa pm lai bolnu ki bolnu vaneko raixa...,,,,,
606,Kun politics party ko yuwa haru hun solti haru,,,,,
607,Yo Sab khate haru ho,,,,,
608,Mutu mathi dhunga rakhi vannu parya xa hai victor bro lai,,,,,
609,Ghati sukyo hola garna k nai sakxan Ra yo Vanda,,,,,
610,Pagal haru,,,,,
611,Naam chahin students re.. evaluation power nai chhaina jasto chha... Ani jholey hunu ko bikalpa nai chhaina...,,,,,
612,Ipl her vaiii haru ja,,,,,
614,Yo sab ko chhala kadnu parxa ani sudhrinxan,,,,,
615,Kun thau ho exact location share gara ta sadak natak herna janu paryo nindra lagena,,,,,
616,Nonsense haru,,,,,
617,Jhoot nabolne ra desh ra janta ko lagi desh banaunu parcha vanni pm.. vayesi ..boleko sabda lai ni galat bujer birodh garni ko jamat...,,,,,
618,Estai garna thaleu vane timharuko bau amae dukha pauxan.. bihe ta para ko kura.,,,,,
619,Sandip Thapa je gare sahi gare.,,,,,
620,Resham Kc ta muji ni vatuwa nai ta honi,,,,,
621,Sijan Poudel  ko ho leader,,,,,
622,"Sab khate haru hunna ,",,,,,
623,Aajhai xadenan yo gunda haru la yo harkat kati din challxa hola ra heramla yiniharuko churifuri,,,,,
624,Thoknu parxa jholey jhyakney haru laae,,,,,
625,Nepali haru yeti berojgari xan ki agi matra bolya Kura KO andolan Bhai sako,,,,,
626,Chak ma daam basni gari thok saleharu lai,,,,,
627,Gara gara birod kei napdenou sab rai limbu matra hun harke ka senapati pthayexa,,,,,
628,"Ramro pardnu hos Room Ghar mai basera College maa padeko kura haru feri pardnuhos jaagir khana likeko bannuhos 
SLC fail garera 50k salaryko rojgaar chaiyoo vandai batooma halla nagarnuhos",,,,,
629,Gopal Nepal  dai kuro Kay ho,,,,,
630,malaysia aaijo vatuwa haru,,,,,
631,Mahakali bechua KO santan,,,,,
632,Kam napaka haru,,,,,
633,Khailey bata ho aviyan fere,,,,,
634,Duniya bhari ko memes comment ma x ?? isko dikkat kya hai,,,,,
635,Networking business jastai ek karyakarta le 3 jana karyakarta banaunu parne niyam cha re ,,,,,
636,Monica Monu la badbhai xa,,,,,
637,Bau jati nai gayab vayo ab chora chori ka bat aaune ho ,,,,,
638,Janmine bittikai party sadasyata card diye bhaigo ni!,,,,,
639,"Baru afno ghar xodinxa, parents xodinxa tara Timi haru tira laginna??",,,,,
640,Aba yahi baki thiyo chor haru,,,,,
641,Nepal maa helicopter ko khaacho hune vayo????????,,,,,
642,Esko jawaf Harka Sampang A Revolution le matra uttano parne gari dinu sakchha ??????,,,,,
643,Kasto kasto news auna thalyo yrr,,,,,
644,Sabdhan Janta Janardan Jiu Haru Yo Ghin Lagdo Tukke Tapaiharuko Nani Babulai Bhumroma Jhoker Afu Masti Garne Fusre Kurama Na Fasnu Hola,,,,,
645,Barsha Karki k xa ta plan,,,,,
646,Budo pagal hune vhayo ??,,,,,
647,Yo ta K yesko bau aaya pani belan ko ball Suna sakdaina ,,,,,
648,Samjine baule vaneko maile mannu parena,,,,,
649,Manxe pugenan?? ??,,,,,
650,Afna santan le pani patyauxan ki patyaudeinan ??? Sankai xa.....,,,,,
651,Yi budha ko hos ajai aako xaina rexa ,,,,,
652,aru bachha bigar khojeko cha aafno tw batashe parecha buda ko ??????,,,,,
653,Laga laga narsangharkariko dhabba itihasma lagne cha Jo Gaye Pani.,,,,,
654,Thet ???? xora xori Lai ni jholey banaunet bhayerl,,,,,
655,Kp baa i love you vanne haru join hune holam aba,,,,,
656,Expire date kaila xa badda ko ????,,,,,
657,Aba pane Timi jasto lutera KO party ma KO aabadha bhayera bascha ra,,,,,
658,lala jamina bittikai janma darta ma  lekhe hunx,,,,,
659,Guu khane bho ABA ,,,,,
660,Ekkxinn hasdim ki kya hoo kura sunera,,,,,
661,Aba chhora/ chhori harule aa aafna buwa harulai amale party ma najane aviyan chalauna ni feri,,,,,
662,Last A  trop use gardai cha,,,,,
663,Yetiko huda nee ajhai hami janta ko buddhi feriyena bhane chai hami sachai bheda nai hoo .,,,,,
664,1 lakh nai diye pani jindagi ma yemale bandina ,,,,,
665,Budo Lai patan lagera check garaune bela vako xa,,,,,
666,Rajtantra kina birodh garnu ta?,,,,,
667,18 Years muniko lai hola?,,,,,
668,Des bigarne nai jholey haru hun,,,,,
669,Yo budo jiudaixa ,,,,,
670,Aani hunxa ta desh ko bikas?,,,,,
671,Haittttt!!!!!!aba dheraika aama baba le amale chodne vaye ??,,,,,
672,Sachu Gurung haina hola dai,,,,,
673,Thakkai Teso ukto xai hunxa??,,,,,
674,Kalila vayaka xoraxori lai rodmai dhalis ajhai aasa Gardai basi rakha,,,,,
675,"Riyab Baniya first ta timi holau hai. 
Fs",,,,,
676,Ho yeso garish vana jhan Tro party collapse hunxa ramro Kaam ko surbaad garish kp ba,,,,,
677,Nata bada kirpabata vayo vanera neta lae man xodeka birseu ki Kay ho amale le,,,,,
678,Yo manxe ko anuhar mero mbl ma naaune kasari banauna sakinxa,,,,,
679,Soch ta xyaa,,,,,
680,Yo ahile suma jiudai roixah,,,,,
681,Mero ghar ma na aaija haii marlais fari ??,,,,,
682,Samjhine pani chhamkane ,,,,,
683,Keshav Paudel sorry baba hami  amale ko karekarta hudainam,,,,,
684,Teri ma laitaadiii tehii aass garera morr aabaa,,,,,
685,Aba jel janxa kp,,,,,
686,Jabarjasti......bidyarthi sangathan kharej vaepaxi kina boulakobaaulai man pareko xorolai man pardaina..partyko bare vandani des ko bare padau bujhau sikau..aafai bujhne vaesi jun partyma gaeni vayo,,,,,
687,Goli tokna hola  student le,,,,,
688,"arko chunav samma afnai saasko  guarantee dekheyna ba ley, toli batulna thaleyxan!!",,,,,
689,Kuheyraw marxa yo budo,,,,,
690,"Oli comred ta yamaraj vanda pani jydro ,,,,khuruka pustantaran garda thik",,,,,
691,Ma pani aauxu,,,,,
692,Gumale hru ka ta xan din ,,,,,
693,Kp muj.. ko k kura garnu,,,,,
694,Janata saath napaya paxi k garnu ta..kasai le patyana ,,,,,
695,Jabarjasti hunxa,,,,,
696,Kp Lai chora chore janmu vanu,,,,,
697,Samjideu pani xamkideu,,,,,
698,Koi Bachha bachhai haru jadainan join garna ??,,,,,
699,Haasnus ta sabai janaa.,,,,,
700,Aandolan ma pani pathaunu hai,,,,,
701,Yo kina mordaina k morne bela ma hariyo kakro,,,,,
702,Mero jwaii lee vannu hunxa baa tara sorry mh aaudina,,,,,
703,laaj ko pasaro,,,,,
704,tanasaha ko pahichan,,,,,
705,"Pahila ko jasto generation hoina ni yo generation 
Rato ra Kalo chhutauna sakchhan",,,,,
706,Aru ta koi xaina aba tehi xora xori lai misayar alika gang banaune vyo budo le ,,,,,
707,Sabai ka Amisha parajuli jasto hunxa ta,,,,,
708,Patta saf vako xa yeti tw garna paro kra,,,,,
709,"Bolda bolda SAS rokiyala jasto xa muhar hearda , Kaun hey ye Bhai shab",,,,,
710,Aafno xainna ani aba aru ko baccha bigrda k janxa ..batase anda,,,,,
711,Malai monthly 1lakh diye ma din Ko 10 post gardinxu support ma.. free ma ta kei gardina Aba.. ,,,,,
712,Ko janxara vanera,,,,,
713,Nati natini haru pani samabes gare ajai sugandha hunthyo ki gumale??????,,,,,
714,Natinatina xute xa .. ????,,,,,
715,Tetiko barsau Pura patiko Abastha herumta ram ram Jha karyakarta khojdai xa yo samay ma bhetna garo xa,,,,,
716,Pagal jatha haru,,,,,
717,Haribijog xa hai,,,,,
718,Aba ta uhi khulitaii ho,,,,,
719,Lu yo chai gajab Lago hai ,,,,,
720,Yo niyam hamro gauka manxe ma lagu hunx ki nai ??,,,,,
721,Yeslai kidney dine byakti maryo hola yo ajhai mardainatw ,,,,,
722,Pahilo kuro ma jadina,,,,,
724,"Pinda dina tah 5-6 maina baki xa kina 1 barsa napugi yo aatma xatpatai rako xa. 
Ah koisaile yo dukhi aatma ko kura tah sundeu??????",,,,,
725,"""Marne bela hariyo kakro"" bhanya yei ho buda..",,,,,
726,Aaru ta aaunu Paro ne ??????,,,,,
727,Yesle nepo baby trend birsiye jasto xa,,,,,
728,Aba contact less hune din aayo mero ta ??,,,,,
729,Ramray manxe ghntimaxn chor sbyi yemale hun,,,,,
730,Aasti vakhar ghantima vote haleka chan kehi samaye rest garna ta dinu ni.,,,,,
731,Tero jabarjasto le chalcha ???(,,,,,
732,Oli le yamale lai pataa saff zero  nahunjel yamale naxodni kasam khako xa,,,,,
733,Timiharu ko paap santan le bokdinu parne tukka,,,,,
734,Yo khate feri anuhar dekhin thalyo muji ko,,,,,
735,Afno navayesi aruko vayeni bigarna paryo ni .. ninja technique,,,,,
736,Aile ko yuba ko gedi xaina ra gumaley party ma hana lai,,,,,
737,Pyramid scheme ho kya???,,,,,
738,Hami Chora chori pani baba mami laiii yemale bata xhuttauna abhiyan mai xau,,,,,
739,"Waaighaat.....   yuwaa haru jeevan nai dhwosta hunxa. Yuwaa haru laai kaam lagaaune ani aafu MANTAREE,  ani PM hune daau maatra ho. 

Artha xaina. 

Sabai yuwaa haru aafno aafno kaam garnus, skill develop garnus. Jeevan barbaad nagarnus.",,,,,
740,"Bau aama ko sadasya pani jala hai, bichar gara. Go with the flow ",,,,,
741,Aba kei din ho tespaxi yesto bolne manxeko aawaj pani sunidaina,,,,,
742,Aba tei ta hola garne...normal janta le join gardaina aba,,,,,
743,Budo baulaayo ki kya ho,,,,,
744,Tero ta xora xori xaina ta ani,,,,,
745,Aba marne bela vaisakyo kati chumchum pareko hau anandale retired navayera,,,,,
746,Baula haru ,,,,,
747,Hahahakp baaaa marna bela k power ko kurshe chayako,,,,,
748,"Hasauxa budo ley 
Now you are gone ",,,,,
749,Lu bho,,,,,
750,Vutra ko yemale ho yamale ghar ma aaya vani taha pauxau,,,,,
751,Sabai RSP ma vaye k garni Baa ?,,,,,
752,Aba mathe jane bela maa k politics garna man laagya ho  suddo lai chadai ramro khabar sunna  milos ,,,,,
753,Mero na vako xora xori pani yesma janni wala xaina hosiyarr,,,,,
754,Aafu Pani birgyo aru KO chora chori Lai pane bigarney bhayo,,,,,
755,Xora xori ni feri yamale nai bannu ,,,,,
756,Hasna man lagyo Hase Lw ,,,,,
757,Kk garxa yo budha marnu vanda pahile dherai lae fasayera janne ho,,,,,
758,Jana ni paryo ni ta jasto gafadi haru ko party mah baru Aaba kp lai desh bata nikalni kam garau sabai Le,,,,,
760,Ramro manxea xitai vagwan ko pyaro hunxa vanthe ho raixa ,,,,,
761,20 century jsto lakcha ki kya ho xemeki ba lai ajhai ,,,,,
762,Netaka xora xori sabai jana le ghanti bajaye vanera hola,,,,,
763,Kasto jabarjasti Hola K ??,,,,,
764,Kp olee ko santan chaina tyesaile arka ko santan ko bhabisya bigarney bhayo batase anda le,,,,,
765,2084 ma umle 0 sit dhukka xu maa,,,,,
766,Afno xoraxori xainan Feri Aruko xoraxori Lai jhol bhat khuwayera bolaula sochirako hola aba pailako jasto xaina  Oli jiu,,,,,
767,Thula Buda paka le Biswas garna xadea Aba ??,,,,,
768,Aaj ki voli vnne bela pni gatilo Kam chai garne vyan hai ba le ?? ,,,,,
770,Kati ramaro kura garnu vayo ni hjr la hjr ko jasto Socha hunu parxa hami nepali ko,,,,,
771,Pahila yo out hunapar6 tespaxi sochamla,,,,,
772,Ma tw mero bau lai yemale xodna lagaxu,,,,,
773,Chora chori matra kina. Aaudai na aayeka bau amma sanga bhayeako lai ni party candidate banauna parchha.,,,,,
774,Amale ghu gayo aba hudaina audaina ni,,,,,
775,J grxa yemale le grxa ,,,,,
776,Andolan maa ni pathau hai,,,,,
777,"Hami hamra bau ama , kaka kaki, mama maiju lai party pariwartan garauna aviyan chalauna chau",,,,,
778,Yo muji ajhai poni jinda kina xa k ghopto parera chak ma latt hanna parni eslae tah ,,,,,
779,"Yo idea sahi ho 
",,,,,
780,Budo ajhai ne sapana mai xa,,,,,
781,Bau le Party sakaisakeyo aba Chhora chhori lai jimma launu pareu,,,,,
782,"Powerless huda ta yo manxe yetii dherai ghamandi ra aahankari xa vane,power ma huda kasto theyo hola...",,,,,
783,?????? aba yo abastha Aya xa,,,,,
784,Mean Genz Lai janjeer,,,,,
785,"Aba naya Amale desh banao damna ho,",,,,,
786,Afu ta bigriye bigriye Aba Arkako xora xori lai pani Bigarney po ,,,,,
787,Kasaile bachha paune upaya sikawo na oli le ni pauthe. 1/2 jana karyakarta badthe,,,,,
788,Yo ra Harke same anek chutiya idea lagauna ma ,,,,,
789,Hijo aaja khub jossiraxhha suddo,,,,,
790,Bau aama bigre bhanera xora xori lai NI bigarne bichar ho ki k ho budo ko,,,,,
791,Suhang lai patii aadaxe banau aanii bichar garau laa,,,,,
792,Esko dimak ma nalag hai koi ni aafu ni faseko xa aru lai ni fasauxa jatha????,,,,,
793,Aaba pasupati janii bela pani k ko party ??pasupati tira hardiksardhanjhalie,,,,,
794,Ghar ma Yemaleko xaya pani parnu nadinu vaneko xa bau Le,,,,,
795,Ktm ma 20/30 hajar street dogs ni xan just for information,,,,,
796,Bau uml vayo vande ma xora nii uml hunu parxa vane xa Ra ? Sabe KO Afno afno choice nii,,,,,
797,Kun abhiyaan genZ ho???,,,,,
798,"Marketing ma vaka le jagir xodda hunxa 
Party Prabesh garera double kamaune din aayo !!",,,,,
799,Yo kaile nasudrine vo,,,,,
800,Satish Shrestha  DAI ABA k Garni ta ?,,,,,
801,Mirgaula sakiyex budha ko fernlai xatpati x,,,,,
802,Geda kater phek buda ko dimakha  xin aba ,,,,,
803,Aba ghar jhagda garaune bho emalele...desh ta bigaro bigaro yatro barsha ..aba kasaiko sundar pariwar bich fato lyne bho,,,,,
804,Hoina hola Routine of Nepal banda?,,,,,
805,Kp oli ko eklo santan harkey xadai xa ta??,,,,,
806,Bau ta khatam vayo Tara xora Cori lai ni gu nai banaunu nakhoj na,,,,,
807,Baccha haru lai ni jhola bakauna khojyaxan jholey haru ley,,,,,
808,Samjina pani xamkina aba asko party vittama khojnuparxa,,,,,
809,K P Sharma Oliekdam ramro byekti ho tar Neta ko gun chai Xaina jasto Lagxa ya waha ko Adviser Ramro na vayera ho ki,,,,,
810,Yo ajhaii mareko xaina rw?,,,,,
811,"Bau ama jhukkera xireko
Aba xora xori pani jhukkera xirnu prne",,,,,
812,Kp oli ka  chela cheli xaina vanthe ta ,,,,,
813,Aja sama desh bigarau aba uta hamro chora chori nati natini bigarani soch ma xau mula haru ,,,,,
814,Ae muji gumale ko budhhi,,,,,
815,Tyo xora xori chaii Kosko aauxa Vanthaneko hola  aayani mahesh ra k jhakri vanneko aauxa teti ho,,,,,
816,hlo routu dherai yo haija ko photo nahalmna dimag ko paro tatiyara aauxa,,,,,
817,Baa KO aafnai Santan xaina Aru Lai garera K faida ,,,,,
819,Kati Jana ab Ansa Lier Xutne Bho Feri ,,,,,
820,Aru ta kehi upaya be hunu paro ne ,,,,,
821,Thukka  yestoo taal le yamale vanne naam hudaina bistarai,,,,,
822,Yo routine le yasto nonsense post kin garxa k ,,,,,
823,Kam xaina Yemale bhastchari haru ko,,,,,
824,Genz yemaley chaiya hola?,,,,,
825,Kahile navako jatra hadi gau ma,,,,,
826,Narka puga ka haru li ne Yamraj xa xuttai batra gara rw party mw jodna sujhab xa.,,,,,
827,Pahila padhana napayera Tmro party ma lageka hun ahile bacha haru dherae jasto padhelekheka xan mg baa??,,,,,
828,Aru upaye vayen ab aafna xora xori Lai baba aama ko bandan ma parn lagyo murkha haru,,,,,
829,Eakades ma gumale bhanne ne party theyo??,,,,,
830,Aba tah Naapis ,,,,,
831,Sabai gareyou chutiya haru aba yati garna Baki cha,,,,,
832,Laj pani bechi sako chor le,,,,,
833,"Yemale , congress ka xora xori sotantra batw uthera samsad pani vaisakey .... aba kaslai banauni ho??",,,,,
834,ma jastai dherai ka xora xan hola aba mero jindagi vari nai amale ko nau samma sunna sakdina.,,,,,
835,K aaas gareko x  ajhai,,,,,
836,Suru kp ko xora harke bata suru gare hunxa,,,,,
837,Haha aru kasaile ta join garnu paryoo nii??,,,,,
838,Dimag,,,,,
839,Ramro gareko vaye voters haru anta jadainathyo buda.,,,,,
840,Teti na.gari t party nai narahala jasto vayo hola ani,,,,,
841,"Karyakarta kata xoraxori le asti ko chunab ma surya ma vote halenan....
Baat karta hai",,,,,
842,Chhorachori le chai baau aama lai ghanti tira aabadda garaisake ,,,,,
843,Jholey ko bau ,,,,,
844,"Xixix thuu
 kp ley khaou  khoi kasko po ho guu",,,,,
845,18 yrs vanda tala ko lai politic mah involved garnu paidaina buda jail jaulai ??,,,,,
847,hamro ghar ka ley ta xodisakey hai timro uml lai ,,,,,
848,Baru Famaily chainna Amale ma join hunna j sakxas gar mula ,,,,,
849,Testo vaye ta Raja ko chora Raja kina na vayeko?,,,,,
850,Timra afna ley nai vote nadiyera hareko birsyau pataki buda?core area khai ta?chupa lagera rajinama diyera yuwa lai sumpiyau bhani kei huna sakxa next term.,,,,,
851,"Bhim Acharya Dai,
Party Lai sahayog garne bela ayo hai ",,,,,
852,3 carod dinxa vane ma tyar xu haii ,,,,,
853,Aafno ta xora xori vayepo arkako xora xori lai marna maarna agadi sarna ta aauxachutya budho,,,,,
854,Yo ajhai jiaudai xa,,,,,
855,Yo hatyara bahek aru kohi layek xaina ra chairmanma ,,,,,
856,"Thank god, dhanna ghar ko koe pani vayenaxan yesko Yemale
Pagal budo",,,,,
857,Thuikka mug haru ,,,,,
858,Hami ley chahi buwa aama lai ne ka pa yemaley party bata nikalney abhiyan chalaako chhau…,,,,,
859,Susmitaa Adhikarii maile aru kasailai mention garina la????timi aafai buja la ,,,,,
860,"Andalon ma ni tinka xora xori agra panti ma hunu paryo rw bhaata vetnu paryo.
Sadhai sida sadha janta lay matra kati bhaata vetnu",,,,,
861,Baau aamako po mati vrasta vayera lageta xora xorikota dimakh khulerani baau aamalai party bata niskina lairako belama k ko abhiyan ni?,,,,,
862,Prakas Kuma Prajapati mero yaju chori lai chahi lane hoina hai,,,,,
863,Ma ta aaudin hai ,,,,,
864,"Xora xori sab rsp holan 
Garo xa baa lai ",,,,,
865,Bqu aama hu bhandai ma personal right sabai ko hunxa,,,,,
866,Bishnu Kumar Raut yamale ki xori tw sat juni samm bihe garinn hanw,,,,,
867,Xora xori lai goli hanera marne ani kaslai aabadha garauxau kp fohori ??,,,,,
868,"No no back off 
Budo KO antim chal ho yo aba ??????",,,,,
869,"""tyo pardaina"" sab naatak dekhi sakeko maanchhe ma... ani pheree tei gunda party???",,,,,
870,"Jhan ghatne bhayo sadasya aba yemale ko...
Yemale bhanesi buddi bigreko bhanne janta Lai bhaisakexa aile...",,,,,
871,Xori xori hoina aba bau lai lai chodna lagau xa aba,,,,,
872,"ajkal ka chorachori le bauaama le vaneko terchan feri , kattina????",,,,,
873,Kati Badne bhayo paiso,,,,,
874,Deepak Pandey ava banne hola haina emaly?,,,,,
875,Rebanta Neupane Basu Neupane Bishal Shrestha Binayak Neupane okay kta ho form kata varna parne ho ready huna parcha hain????????,,,,,
876,Hay bhagawan bhayakale ta xodisake aab kaslai banaune hola ta,,,,,
877,agadi badnu kp baa Pankaj Dhungana ra Jeevan ?hungana dada tapai  ko sath ma hunu hunxa ??????,,,,,
878,aru ta aauna pani paryo ni,,,,,
879,Hami baau aamaa laai nai emaale bata nikaalne aviyaanmaa xau,,,,,
880,"Nepali le Gumauna na sakeko Kira!
or
Nepali le gumaayeko hira.
Which one is correct?",,,,,
881,Suruma afnai santan lai garau ta  eh xaina po birseko,,,,,
882,Yetro ni audainan tapai buda haru ko chakari garna ani tapaiko karyakarta haru ko under ma basna,,,,,
883,La jaooo muji jholey ka chaura ho,,,,,
884,Yo baula budo goru lai kina khulla chodecha yar.,,,,,
885,"Public organization hadapera basnu ramro hoina budaaa
Suhang Nembang Fan lai president banayara aghadi 
Badha 
Ani 
Mai pani emale sai emale vanne din aauxan",,,,,
886,Aba sabai chora chori le afno bau ama lai chai party bata hataune suru garnu parcha!!,,,,,
887,Yesto Kam garna ta feri swasthe thik hune raicha BA KO??,,,,,
888,Futkisake sabai haat bata.,,,,,
889,Paila afno xoraxori lai jodd oli ani arulai vannu !,,,,,
890,Ma ta aaudina haii ,,,,,
891,Ma tw gen g ho jannw,,,,,
892,thukka jindagi yo tw atti vayena rw vaneko  yehi din dekhna baki thiyo aba ani kati ma kinni ho aba  hunw tw jani poni tesatai holan,,,,,
893,Maile afno pitalai ta badlisake,,,,,
894,Ok xa ta,,,,,
895,Thukka hatyara haru,,,,,
896,Masu bhat manpardaina malai sorry,,,,,
897,Kp ko malami Jane manxe ni nahune vaye aba vanera daar lagyo jasto xa suddoo lai ,,,,,
898,"Yeah, bachha haru Nepal mai chhan, aachhama",,,,,
899,"Yasko samachar nahalam ta, anuhar herda ni loddar lagxa yar",,,,,
900,Sabai jaya ghanti vaisake  garo x,,,,,
901,Birendra Khadka vanja ko future dekhdai xu tw ,,,,,
902,Local level election samma yemaley lai 7th position ma purauna lai oli ra xora mahesh basnet ko thulo haat huni xa  ,,,,,
903,chunab ma threat ????,,,,,
904,"Aba manxe nai na pugesi k garos ta
Tero party ko manxe yemale vayo vandai maa tyasko xoro xori haru lie pani yemale nai man parxa vanni kaha lekheko xa re
You fucking murderer",,,,,
905,Vanda vaneko jasto hunxa.. ajkaal yesko anuhaar dekhyo ki din nai bigrinxa jasto laagxa.. ??,,,,,
906,Kamse kam marne time ma  ta sukha le mara,,,,,
907,Ajha pani ghamand sakeko saina hai,,,,,
908,Monthly salary Kati dinxau buda 40/50 hajar dene va ahau nu paro natra tw samjene matra ho ??????,,,,,
909,"Yasto communist desh ko lagi ghatak ho... kasam khau nepali janata... communist nabanau... jhan Amale bhaneko ta bhusyaha ho... j bhetyo tyahi khane, sabai lai tokdai hidne...",,,,,
910,Yo jindagima yestai vayo aba arko jhunima prayash garnu hai tw.....,,,,,
911,Kp ba testa din gaya aba,,,,,
912,Yubaraj Paudel koiley ho join garauni,,,,,
913,Khor ma Hal na buda ba lai sarkar ,,,,,
914,Kata nalayak pati ho yo emale xi laj pani xain,,,,,
915,kp oli ko malami jana hola,,,,,
916,Xyaa yehi dekhna baaki theo aba,,,,,
917,Hamro sabai pyaro vai Bhim Acharya bahek aru lead garne sambhav dekhidin ma ta ,,,,,
918,Eh Buda le yemale lai dhosta parne vaye...suhang jasto bekti lai party Jimma deu hau natra vane party baaki rahanna,,,,,
919,Janminu agadi nai party ma Naam lekaideu jholey haru  Buda baulaisakyo ??????,,,,,
920,Tmra chora chori lai vannu yo chai ,,,,,
921,Je gare pani ab pm bana paudainau budo,,,,,
922,Um yo chai Sahi Lago hai maalai ??,,,,,
923,Kasto ramro kura gareu,,,,,
924,Maile ra mero family le nai xodi sakena yesto jyaadro hatyara ko party,,,,,
925,aba nepo kids haru aaune vaye ta lajniti ma ??????,,,,,
926,Laltin kini Sakay Maile chai,,,,,
927,Kp ko xora mahesh basnet??,,,,,
928,Aru ta aba vanera ni naaulan jasto lage jasto xa buda lai. Akarshan navayesi ladnai paryo! Hanuman jo tayar chhan!,,,,,
929,Teti le pugdaina xora Xori lai matrw Haina janmidai na janmekolai pani sadasyata diye hunxa??????,,,,,
930,Doctor leh aba dhroi din xaina vaneyra xordexa kya ,,,,,
931,Ho ra,,,,,
932,Yesko dimak jhai kaha raixa vanera herna man xa,,,,,
933,"Ukhaane Ko Kura Gu khuwaunu parne jastai cha,Chet kahile Naaune bhayo !",,,,,
934,yo kasto niyam,,,,,
935,aafno xora xori xaina vandaina ma aru ko xora xori pani bigranu vayena ni kidney fail ??,,,,,
936,Galliko kukurdhari patyaudaina ab ta ukhanelai ??,,,,,
937,"Huna t tehi baaki thiyo,tyo pani huna baaya6
Aba garhaan lagyo jstyo 6 surya lie",,,,,
938,"My mum be like choro hami rsp
Ma janu parxa??",,,,,
939,bau pani yemale ma pani yemale vani geet nikal ab,,,,,
940,Yo ta ajai kam vayo  Aba baccha janmine bittikai janma darta ra party ko member baneko certificate ekaichoti diye ni vaigo ni karyakarta harule ani dhukkai ,,,,,
941,Ta budo bolda bolda aaa garera daiba le lage huni yati arajak pani manxe hunxa,,,,,
942,"Ma ta mero bacccha lai kunai ko ni sadasya banaudina uslai jun man parcha tesmai vote dincha , na mero parents le aja samma malai yasko sadasya ban vannuvayo ,  mero parents pani  kunai ko sadasya hunuhuna .",,,,,
943,Tei bhayera  moile  xora xori  jannmayeko  xai  na,,,,,
945,Sameer Luitel gaisaknu vayo ki jana baaki xa? ??,,,,,
946,Aafnai xora xorilai pani abhiyan chapaunu parne condition aayexa???,,,,,
947,Pahila kp ko santanlai lyana ????,,,,,
948,Parajuli Min k xa teta ko kura??,,,,,
949,Kam nai k xarw khata haru ko,,,,,
950,Bau poni yemale xoro ni yemale nati ni yemaleKhulittai,,,,,
951,Sabin Bhurtel sir onegaisimasu hai ta,,,,,
952,Ava vaka pani rittiny vayexan ??,,,,,
953,Kati Jana  bau Aama xora xori ko samvandha bigrine ho ni Aba ,,,,,
954,Buda ko photo aai halyo KP baa I Love U vandim ki kya ho yek fera????,,,,,
955,K strategy ho yo ????lol,,,,,
956,Lalit Oojha  chito chito bihey gara chora chori vana ani party ma leunu paryo terai haat ma xa ki kaso Kailash Sharma  ,,,,,
957,Tyo pardaina,,,,,
958,Abo bou ama lye sakyena chora chori chaiyo jhatha marni bela ma,,,,,
959,Dimag ta sakuni kai cha ni hamro Raaj neta ko ??,,,,,
960,Aashis Raee budo lai goaara padha ta keta,,,,,
961,Aba tw jani bela vayo k ba,,,,,
962,Pra Deep Gajurel kaile jani ho ta aaviyan ma ,,,,,
963,Amrit Adhikari Amrita Adhikari k ho kuro????,,,,,
964,Tmle party bta rajina ma deu ta paila budo,,,,,
965,Hami toh mare jadain baru mato ma gainx ,,,,,
966,Nikhil Chand Thaqurii Muji hjr bau ko Ali medicine sedeya jasto xa laideu xito,,,,,
967,Hahaha Shree Basnet Brikhu Nolan hami ni jam na comedy club ma..,,,,,
968,Hamle hamro aama baa lai party xodne abhiyan chalai sakim. Ali dhila bho kp sir.,,,,,
969,Chintamani Lamsal  jani hola ni,,,,,
970,"Matlab koi puxe Tum kis khandaan se belong karte ho to ab yemale bataya Jayega , yemale ke bacho dwara",,,,,
971,Yasmi Kshetry Rakshya Chhetri Alson Chettri la advance ma congratulations on being member of uml,,,,,
972,Yasko karkarta aaba esko rahena.. 50 hajr bhot le harya ho Pagal le tyo ni afnai Ghar baata,,,,,
973,Mn Su Bibek Bhattarai ?? ba le khoje jasto xa??,,,,,
974,Jay ho ,,,,,
975,Suman Shrestha aabadda ta vaxainas ni,,,,,
976,"Vanna ta na huni ho, Ani baa Tapai ko Chai ko aauni vaye ta.??",,,,,
,Chalau ba chalau Tourch  khoi vanne din pani aaudai xa ahile ta ali ali xa,,,,,
,Hamra tiraka ta sabai paile nai xan arey,,,,,
,Aww bau aama le Vanya xora xori le sunxan pani ,,,,,
,Bhawana Tamang la hai palo ayo jasto xa tmro,,,,,
,Jabarjasti xa kya dost ?,,,,,
,Vo hajur Daddy sanga baru 5din Na boli basinxa tara vaneko chai manidaina ,,,,,
,Aba kehi garna nasakepaxi bachha lai upayog garna Thalyo gumalele,,,,,
,Chunab paxi mental health thik xaina jasto xa ??,,,,,
,2076 saal samma maa  nepali pani jahaj le  jhanda farayera kasari saman osarxa hami dekhauxau,,,,,
,Ma tw janna ??,,,,,
,Aafaile sakkayeko party fitra lyauxu vanera hola ..sakkiyo aaba Ai  KO use gardai mahol dekhaudai base vo aaba ??ki k ho Subash Chapagain Deepak Bhattarai Bhoj Raaz Pangeni Shree Krishna Crestha,,,,,
,"Kaata na kuti 
Jarjarake uthi",,,,,
,Sudo lai emotion black mail garna khojeko arop ma halnu paryo jail aba ,,,,,
,"Rsp le aafno ama buaa and hajur ama hajur buaa ,kaka kaki ,mama maeju sabailai party sangathan aabadh hune aviyan chalaunuparxa",,,,,
,Aab ei baki xa ma ta kati bela leula vaner hatar ma xu,,,,,
,Mah ta audina hai j gareni gara????,,,,,
,Tw  chor kailay sudhrineyy vayenas haii,,,,,
,des ta bhaadyo ghar pani bhaadne bho,,,,,
,K Naya tamasa ho yo feri,,,,,
,Jasko chai xora xori nai xaina,,,,,
,Afai xoraxori janmayera party ma lagayo oli le vane ma party prawesh garna tayar,,,,,
,mero bau ni uml ka kattar hun jamana ka aba malai dar vayesakyo ,,,,,
,Aru sabai vayo aba tae baki xa.,,,,,
,Kharani laija vanako xa aaba yo kp Lai dadayako kharani launu Parxa hamro daslee,,,,,
,"Yo namard euta xoraxori janmaun saken ani aruko xoraxori lai bigarne, yo sungur lai Ali kati pani laj lagdain",,,,,
,Ani haami xoraxori  chai mai pani yemale sahi pabi yemale vandai naachnu?,,,,,
,Deya Koirala lu haii daddy ko bido thamnu paryo ni,,,,,
,Bichar garo xa yani haru lai,,,,,
,"9 bata ghatera o hunxa aba 
Tei dar le hola bchara",,,,,
,Parkash Gautam  lauu na ??,,,,,
,yetro pani hudina ,,,,,
,Baule vaneko xoraxorile mannai xode aajkal k garne baa ,,,,,
,Yetiko Dimag chai launai parx ,,,,,
,Mero KP baa dhukkur ko bachha jasto dekhiye pni I love you kp baa..,,,,,
,Maile ta mera baa ama lai yemale bata sakusal nikalera uddar gareko pani barsau vayexa,,,,,
,Tum se na ho payega beta,,,,,
,Tero ta xoraxori xaina kyary??,,,,,
,"Om Prakash Joshi Koirala  
Yasko lagi aba bihe addo padyo??",,,,,
,ta pagal ho,,,,,
,Roson Thapa lagnu paryo aba ????,,,,,
,Aba network marketing jastai labi bata pay gare bho ni 3 jana Jose pachi commission pani aaucha Banda bho,,,,,
,Xora xori ley party maa abadda huna namaney?,,,,,
,Aba k janmadarta Pani amale party ma garaune ho yo Buda le.,,,,,
,Binaya Rijal ko ko parni vaya hamro tira? ??,,,,,
,Ma janna hola Abhi NaSh,,,,,
,"Nati natiini haru le chai napaauney horaw....plz vandinu paryo??????
Party ko haalat herda xora xori Haina uniharukaa bacha bachii Lai ni join garaye theek hola
ki kaso Baajey",,,,,
,Sabai Ghanti vako kura thaahaa raheyncha,,,,,
,ysko abhiyan ma aaux chhai ko ani,,,,,
,"K sochethe jindagi ma…
K k bhayo aaja",,,,,
,Kaha bat aaunxn yasta dimag khuskeka ,,,,,
,Aafno chhora chhori chhainan bhandaima aaruko chhora chhori lai chai na bigaram na ho baa...,,,,,
,Jasko Ahile samma yeuta xora ra xori banaun sake ko xain usakai thula kura ??,,,,,
,"Aru tw baneka pani hidi sake
This is last option ??",,,,,
,Chuteyea lekhya xa rw nidar ma,,,,,
,Taw ni ganta ko chor ho rotine of nepal banda,,,,,
,Talai pani harke sangai mato muni nae gadnu parxa ??,,,,,
,aba chai desh banxa ki,,,,,
,Hawa kura nagar ta,,,,,
,Kun chai xora xori baulaka xan ra....,,,,,
,Tehi last choice,,,,,
,Malai kasaile samatera ta lagdaina ni party sangathan ma aabadha garauna,,,,,
,Bhudo aba kunai jukti chaldaina,,,,,
,K gaali diu khai? Comment herdaima chitta bujyo.,,,,,
,Ansabanda ko case badhne bhayo.,,,,,
,feri arko kidney ferne bichar ma xan k ho baje,,,,,
,Laj saram lagdaina j Garda poni hune,,,,,
,Suru ma Oli le afnai chorachori bata suru garna parxa ,,,,,
,Jawo jawo kukur ko gu dinxa yesle tei khayera aawo,,,,,
,Baulaunxa aaba yo,,,,,
,Pradip Sapkota la hai pressure aauxa jasto xa aba ,,,,,
,Kriti Adhikary jane ta?,,,,,
,Duniya ko santaan naash garera aba vaka santaan lai ni khaldo ma dhakelau vanne esto lai ajai puja garxan yemale ma netrito pherau.,,,,,
,Aavash Karki  na jauu haii kanxa timi.che,,,,,
,aafno tw banauna sakinas batase aru lai pani saakaunau bichar garis,,,,,
,Hasayo bahun le ,,,,,
,Koi na vayesi aba k garxa aafnai xora xori lai veda banau,,,,,
,Yo vanda antim upaye k nai huna sakcha ra yemale lai,,,,,
,vaye halxa ni. Kp baley vanney hamley namaney ta kurai vaynna,,,,,
,Shiva Devkota k xa  bichar??,,,,,
,Bau aama le nai party xodisake... Bau aama baru aba chhora chhori ko party ma aaune abhiyaan chaliraaxa ,,,,,
, dami idea aba UML le 2/3 lyauxa,,,,,
,Manab aadhikar hanan garna ta paidaina hola hou!,,,,,
,K garxau aba Yei xa Kam tappai ko,,,,,
,muji yamale snga behe garauna chodesakyo aam janta haru le aba bacha ka bata lerayera membership banauxau sudhho ?? tmro kaal le kutkutai raxa hai hoss gara,,,,,
,teti sajilei manxan hola xora xori feri,,,,,
,Nishan KC mero vai aaba party ma lagnu paryo,,,,,
,Nisha Niraula k xa Bichara,,,,,
,Binaya Pokhrel kaile party prabes garne ta,,,,,
,Jati j garyapani patta saap nahi ho aba??,,,,,
,Core area ta yata po raixa ta,,,,,
,"Harke ko Bau ko entry vayo????
Joker of politics",,,,,
,Vaney paxi aba jholey haru badney vye,,,,,
,Parents haru lai baru Yemale xodnna lagauni ho sabaiii milerw,,,,,
,Vaihalxah ni,,,,,
,"Hamle ta bau aama lai aafno party ma aabadda garai sakem, sorry la yespali ??",,,,,
,Dipesh Phuyal sir k xa bichar ???,,,,,
,Kailey na sudriiney vayo budo ,,,,,
,Saroj Rayamajhi k xa bichar,,,,,
,kun partie ho yo yamale vanne first time sune ta??,,,,,
,jabarjasti gare Ghar bahiskar avaiyan chalxa jasto xa aba baru ??,,,,,
,Laaj lagyo ki ? ,,,,,
,Kailash Thakuri tmro xora lae ni halnu paryo? ,,,,,
,Pratikshya Aryal yemale ma jane ki maobadi ma ? ????,,,,,
,Abin Neupane tero palo aaye jasto chha ??????,,,,,
,Tei kaam baki cha aba,,,,,
,"Karya karta kam vaya jasto xa aba chaii , masu vaat ko power le pugein ???",,,,,
,Ab aru ta khuluttai ho ani,,,,,
,Campaign pani k ho yesto? Jhyamma mukh padkaunu jasto,,,,,
,Samjhine pani xamkine laa ,,,,,
,Bharat ka xora xori leraye ni kehi hudaina,,,,,
,Mathi jane bela k sangathan ho ,,,,,
,PYRAMID SCHEME vayo Emale last ma,,,,,
,Receiving kada huni wala xa vanasi,,,,,
,Tei Baki xa aba ,,,,,
,Hami le ta ba aama lai nai pati change garai dim xoraxori lai yamale banaune ta samjhine ho ,,,,,
,Mero 2 barsa ko xoro lai Kun position dinxa re,,,,,
,"Chora chori ley vanera ghanti maa vote haley yemaley baa aama ley 
Tmlai ullu banairachan",,,,,
,Suraj Subedi kaile jaanxas ta,,,,,
,Bharna tah garne.....tara vote xhai ghanti ma hahaha,,,,,
,Xoraxori le vanda hun - jamna ta yahi bau bata bhayo tara bau banna ra bau bhanna layak naraixa bhanera,,,,,
,na saknu xa yesli ,,,,,
,"Karyakarta ko chhorachhori matraii 
Hami ta paxi parini vyo ni uff",,,,,
,Bhatt REkha bijok xa yemale ko ,,,,,
,Esto pani party re.. chi chi,,,,,
,Aama buwa nai ghanti vayisake xora xori le garda aj kal ka xora xori le terxan teri marna  nasakeko buda bhak,,,,,
,Avisek Dulal Joseph Dulal mama ko call aula jasto xa,,,,,
,Chirpat le dhadh fuskaideuna yesko ??,,,,,
,Sujan Lamichhane kaile ho baby plan?,,,,,
,Xora xori Jenz pare paxi ke garnu hau.??,,,,,
,"Baccha bigarne aviyan ho feri, beta beti padhao 
Beta beti rajniti me lagao ",,,,,
,Aba ni oli lai baa manndai baso??,,,,,
,malai BA garn kt amale le khojdine vaya m 1 vote dine vaya ??????but voter card chahi xain hai??????????????,,,,,
,Nakshetra Raj Acharya khamred hune haina aab? -dd,,,,,
,K din aayo ni barai,,,,,
,"Aru kunai news na pako ?
Nepal ko tourism ko news hale ni hunthiyo !!!",,,,,
,"Cause aru kohi join huna manirako chainan. 

I think gen z andolan hunu aghi tehi chora chori ley bidesh brahaman ra luxury item flex garey bhanera online troll bhairako thiyo. 
So that was actually the whole starting point.
They were targeted negetively before they were the actual cause of it.",,,,,
,"Hamro ghartira na aaunu, chirpat khaiyela ni feri",,,,,
,Hami tw aaunam hai ba ,,,,,
,Aaba astoo days ne aaesakio uml party ko ,,,,,
,Sathi ghatni vo vane paxi k sangat garnu Bibek Rana Magar,,,,,
,Bihan bihan hasayo muji buda ley,,,,,
,Vaki tai 1 2 lakh holan toh pani xitaai janxan,,,,,
,"Bachha bachhi lai bachauna sakya vaya hero hunthiyau bajey. 
Aaba retirement ligera rest garnus bajey kaile jail jana parxa thaha xaina ??",,,,,
,la heram hai tw aaba koko raixa tw hernii ho dukka le aaba ko worries hai tw la,,,,,
,5 Barsa samma bachhdaina hola buda aba dhukha nagar,,,,,
,Vote chai sab lea ghanti ma halxan chunab ma Aru Bela UML bhanera k garnu ,,,,,
,Yahe hunna baaki xa aba Nepal ma...,,,,,
,Ma ta mandina hai Mohan Bikram Lamsal Buba Request na garnu ,,,,,
,Buda alik dilo rahexan. yinlai thahaxaina Xorxorile Bauaamalai RSP ma aabadda garaisake,,,,,
,"Yasko suruwat Oli ko xora Basnet bata hos, pahila party bata resign garera feri join garne.",,,,,
,Aba 1 month hami nepali party ko kura le bajabaj grdainau hai aba hami  world cup ma ko neu ma jhagada grxau ,,,,,
,Yesta waiyat kura ma nalagna aagraha gardaxu kasaile kasailai jabarjasti ladna painna chahe baau aama hos ya jo sukai,,,,,
,Bipin Khadka k ho kura,,,,,
,Gajjab ko tayari ho yo ta,,,,,
,Yemale ani yemale ko abhiyaan bahiskaar garxu ma??,,,,,
,Sandesh Luitel k xa program ????,,,,,
,Aafno xainan vanera smart baneko Solti,,,,,
,Ma aaudina hai ,,,,,
,"Janmidai tyo bardaan pako hunxan
Dukha garna pardaina",,,,,
,Vyo hami  ta mandainam ,,,,,
,Karyakarta ko chora chori le party ko jhanda bokdai vote jati ghati lai halexan?? aba tmro kei nalagni vayo ba,,,,,
,Feri janata ka xora xoriko bali khane vo yo hatyaarale,,,,,
,Aafnaii neta ka xora xori ta honi aaru ta ko janxa ra,,,,,
,Gali pani kaslai dinu ra  khai ?? yehi kp oli lai dina paryo .kp oli murdabaad vaney wala viral comment feri auney vayo aba ??????????,,,,,
,Yesto parale taa karyakarta kaa xora xorile bujhne vayesi bau aamalai herdainan hola??????,,,,,
,Nabin Dulal - Kailey ho varna huney?,,,,,
,Bishal Pandey dai ta ready hununxa hola haii,,,,,
,Paila tero chora chori bata suru garam na hai,,,,,
,paila taile laga jatha ani arka lai lagauna van na hai,,,,,
,Aru le ta manxe pani gannu paro ni ????????,,,,,
,Prem ShRestha hajur ba ko naya bigyapti ayechha ni,,,,,
,Hey pravu yeh subah subah kya sunna par rha hai yo budo ko please pic na halnu herda nai din kharab janx mero,,,,,
,Lala xardim yesta kura,,,,,
,Aba eso garau naya janmeka haruko nwaran ko dina ghara gayera booking garau sabai emale ma,,,,,
,Aba yati vanapaxi hasni ta hola ni hoina,,,,,
,vanepachi janmine bittikai gumale  ka chaura chauri haru ko birth certificate nabanera gumale ko membership card banne vayo,,,,,
,dhanna mero family emale chainan natra family ko against ma jana parthyo ,,,,,
,Yesto pani din aaune rahechha bichara..,,,,,
,Raja ko chora raja vayo vanya ra birod gardai nepal ko Rajniti mah aako party ko halat yesto vayo hoina last mah ,,,,,
,"1 crore Kasaile dincha bhane, ma ni party ko sadasyata linethiye??",,,,,
,Ujwal Niroula bihey garera xito xora xori janmayar yo kam gara tw kto ,,,,,
,Yo muji kp lai lai jel ma lada birami huni ahile tw bahir ghumadai guff didai basirax sala bhsatchari,,,,,
,Kushal Adhikari  kta kaile ho join hune?,,,,,
,Tyo xora xori ma pardaina ni ma la,,,,,
,Yesko buddi chai khile aauxa vneko k hatterika,,,,,
,Yetro ni aaudina suddo tero party ma,,,,,
,Tyo pardaina??????,,,,,
,Yemale xordiye yemale sudhrinxa tessai keii das thari yojana banaunai pardaina yemale sakkina lako kp mahesh jasta chuitya haru le garda hoo jati nai kosis gareni yini haru nahate samma yemale uvo lagne nai xaina????????,,,,,
,Laat haanna parx feri chatak garna aayo vane,,,,,
,Aru hos nahos kaka ko sadhai Jai hoss ,,,,,
,"Garxa hou hajurba, tension na Linus na, ali time laagla.",,,,,
,100% Saho ho dai,,,,,
,Hami pani herdai xau,,,,,
,Ekdam sahi kura,,,,,
,Yo le balla doleyo yopani thag ho,,,,,
,Rojgar Ko srijana garnu ra student harulai part time job Ko pani srijana garnu parxa ra aafule kam gare paxi tyo anusar Ko salary pani paunu parxa Nepal ma hamro kalilo bachcha harulai kam lagaune ani paisa nadine ekdum common vaisakyo mari mari kam garyo paisa suko nadine binakaran kam bat nikalne paisa dinu parxa vaner mero xori le kam gareko ek paisa diyena yesto lai pani karbahi garnu parxa,,,,,
,Bujhnu hunx baje don't worry ahile PM Le chinta nagarnus,,,,,
,"Hunxa kaka but vayena vne tyai ho pahile ko 35 barsa le nagareko ahile 5 barsa tmi haru lai sabai chahiyo vanxan ani katha sakiyo
Khair tyasto nahos ra navanos",,,,,
,Agadi nai gayera vanna parao,,,,,
,Chaat kaat auula jasto chaina  baru aru idea lagayaa kaso hola. Yeso idea chaiyaama free ma samparka garnu hola ,,,,,
,class nai linu paro kaka ava sunenan kasaile pani,,,,,
,Mahabir Pun  kaka hunxa bistrai hunxa sab thok,,,,,
,Timi Sancho vako vaye sunni tiyo Nepal Kai number one joker pareu Ani kos le sunne budo zen_g ,,,,,
,Hami aam jantale ta bujhekai xam,,,,,
,GB rai leunu nasakne sarkar le khoi desh ma shabirdi leuxa vnnu 72-72 gardim uncle ,,,,,
,Garib lai dekhna nasakne garib ko pida bujhdain aaileko sarkar le,,,,,
,Same here! PhD sakepa6i   Nepal aaera Research garna man 6 Hamlai ni ! Aafnai jadibuti ma !,,,,,
,Sahi kura ho,,,,,
,"1,2 barsa yo kutantra ko safai garna dinus sir tes paxi hajurko kura pani sambhav hola. Hajurko kura akdum thik ra jayej xa tara aile lai dharya gardinus na   ",,,,,
,Yo sarkar le garnu hunx hola manya jiu,,,,,
,Samsad nai baseko chhaina k samsad ma kura rakhnu? Ani status ta PM Balen le pani lekhchhan ni ! Uhako postma sadhai like ani good comment garne haru Mahabir sir lai chai kina status lekheko bhanera bhanne !?Ani bheterai bhannus re ! bhetna testo sajilo hune ani ramrari kura suneko bhaye aile uhale post garnuhunthyo ta ? Uhale samsad ma paila pani rakhnu bhako ho ni yo kura. First samsad ko video hernu ta purai PM Balen ani sabai mananiya haruko agadi. Ani khai ta result? Tesaile uhale jhakjhakai rahanu bhayeko ho. Uhalai bolna dinus  Uhale sabai Nepal ra Nepaliko ramro ko lagi bolirahanu bhayeko chha.,,,,,
,Manasiv kura sir ko,,,,,
,Yo vandapani manabta harayeko jasto lagxa. Anekow jaat dharma ko adharma bargikaran garidiyo.,,,,,
,Uha ek Engineer  vako le sayad yo pani garnu hunxa vanne hamile purna aasha liyko chhau,,,,,
,Ho herna jaruri xa ?? 5 barsa samma,,,,,
,Buda ko rish chai kada ho,,,,,
,daro kharo kura aha,,,,,
,Ahileko Le garxan jasto xant xa sir nagarnejasto vayo vane hjr thaumaa hunuhunxa hjr Le dabdabaunuhunexa dherae ramro kuro uthaunuvayo dherae2 dhanyebat hjr lae balenle nagare kasaele gardaena… yoi athot xa sampurna jantaharuko ra hjr Le vandae aaunuvayeko xa pani .,,,,,
,2 Jana atyanta asahaya sukumbasi Nepali janata marda/marda chhun samma nabolne yo Mahabir date expire Tira unmukh chha.,,,,,
,"Agreed.. research, innovation, technology ma investment desh le nagarda ajako halat testo bhayeko ho.. Hope yo govt le garos bhaneko.. para lyayerana bhane feri dukhai paincha.. Garibi hataunu cha nava feri sukumbasi nahola bhanna sakinna",,,,,
,aba ki bar Mahabir Pun ko sarkar huna parxa . naya bata aash thiyo tara khai k ho k ho.,,,,,
,Harka Sampang A Revolution lai samjai dinu paryo kaka Dhunge dazu laii ????,,,,,
,Shai kura,,,,,
,Ramro Kura. Sir,,,,,
,Ramro garxu vaner aayeka hun ...sath chai dinu paryo sabaile ,,,,,
,"Fursat x hajur Lai, yeti sab herna lai",,,,,
,"Garchan buda garchan
Garna nadiney lai bajey le facebook bata gali garna chodnu bhayena.
Mukhai chadey ni huncha",,,,,
,Ho nii,,,,,
,Budaa le j vaye ni dhilo kura bujdai xa????,,,,,
,Sahi ho hi,,,,,
,Hami pani …,,,,,
,Aasa chha garnu hunchha hola balen sarkarle ,,,,,
,Yo budo Le bokeko Kura chai man parxa Tara yo Harka Sampang Le boleko fitikai man pardaina,,,,,
,Sahi kura,,,,,
,Yo Kam garna jaruri xa balen ko dhyan jawos#balenshahnews,,,,,
,Ekdam sahi,,,,,
,Khai ahiel samma sukum basiko basti binas garnu bahek ke hi dekhiyeko xaina herdaijam k k garda raixa ,,,,,
,baje yo choti pani budget halenan vane ni daro vetxan,,,,,
,Aba ko budget ma yeslai ramro sabhodan garnu parxa,,,,,
,Sojho sida vayer hunna raixa k mananiy jyu raspa ko jasto gufadi hunu pardo raix,,,,,
,"kohi garnu parna ho
8 oota ordinance ma tyo rakhda k janthyaou ra",,,,,
,Mahabir budo kha harka ko ludo,,,,,
,Ekdam Sahi kura ho.....first ma new invention harulai priority diera economically deshlai uthau Ani aru kaam garam na......,,,,,
,Hajurko kura sunosh,,,,,
,Mahabir Pun lai bigyan tatha nabaparbanthan mantri xito niyukti gariyos,,,,,
,"Mahabir Pun sir, tapai ko kura ni suncha yo sarkar le kehi samaya parkhanu kehi na kehi hola ni..?? suru ma yo desh ko sabai fohor safa garnu parne cha.",,,,,
,"Anpadh tw anpadh padhe lekheka pani yui dyang ka mula hun ki k ho, herdai jum ",,,,,
,"Sidai vetera kura rakhnus  sir..
Budget vanaune bela xa.. Garihalnu parxa",,,,,
,Hamro pun budale j boleni tali bajxa garva lagxa mug vaneni veda haru khusi real baulata atapo dekhxu,,,,,
,Suva-kamana xa naya sarkhar lai   ,,,,,
,"Paila jhotre jhamre adi sabai lai falnu parx 
Bivinna badha aunu ko karan eniharu hun
Ani matra hunxa kie garna sakinxa",,,,,
,Hunxa ni sir yaspali xut xaina yo Sarkar lai,,,,,
,Sai ho,,,,,
,Budget ma aaula ni,,,,,
,Hajur le sallaha dinus naya lai bato dekjhaunus ,,,,,
,Sahi ho,,,,,
,Yo sarkar pani tei parako ho Ahile vatkaunu vandapni banaunu tarfa lagnu ramro hunethiyo tapaile vane jasto kurama ajhaipani jod diyana vane 500 barsa paxadi janexa nepal  china ko 70/80 million people lai k ghar bhatkayra garibi bata nikaleko ho ani Veda haru wa wa gardai basxan k vannu jantanai yestai vaya paxi .,,,,,
,I am from Balenside: herirahanus support garnus maile galat kam ke gardina yadakadi garihalexu vane tyo mero mistake ho sujhab ra sudharne mauka dinuhola hasta Dhanyabad  Tara ma agi badnai parxa kinaki ma janta ko biswas hu ,,,,,
,Ma ni herdai xu dr. sir tr yo sarkar  lw nagare vane ab satabdisamm ni aaune sarkarle garna sakne wala xain.,,,,,
,buda manenan vane 1 round kick handeu eklai sakdainau vane malai ni bolau ma ni aauxu,,,,,
,Tyape muji ley k garxa aru ko ghar vatkai dinxa,,,,,
,Balen Sang baser vannu paro hajur le,,,,,
,Innovation nae development ko bato ho vanni bujhna jaruri xa bato dekhauni hajur hunuhunxa dhukka xau tyo vayara nae chodxa,,,,,
,Waha ho real pratipaxi uff nispaxa,,,,,
,Tapai ta jane bujeko bekti hunuhuncha aso vetbarta huni bela guff garnu na yo besayama,,,,,
,Hiju matra pm le 52 million dollars  rin linu vayaxa abo desh rin bokayara saline vaya.,,,,,
,Khoi yo sarkar suteko jasto lagyo purano jastai,,,,,
,"Sida kura garnu vayo 
 sabaile bujnu parne chei yo kura ho arukei bujna jaruri xaina...",,,,,
,"Research nagari desh ta Nabanne nai ho, but paile safa garnu parne hola. Ministry of education antargat euta research wing banauda sajilo hola.",,,,,
,Ani thik vairaa xaina ta baa,,,,,
,Vakhar ta 1 mahina hudai xa timi buda pani kati pressure deko. Kitab bechna ma dhyan deuu,,,,,
,"Balen is gentle
Harke is Joker",,,,,
,Ajhoii 1 hat le chalau na ,,,,,
,"Ho bhanya deu hai car Hamro Mananiya lai pani, chahiyo chahiyo.hoina bhane khisiteuri garna paaidaina.",,,,,
,Bike chalauda koley ek haatt maa mobile samatera vlog gara bhanyo ta?,,,,,
,Harka sir lai private jet.??????,,,,,
,Auto riksa milx toh goru khali birod garya xa goru ,,,,,
,Ayo ayo harke haldar ??,,,,,
,Stunt le garda ho,,,,,
,"Helicopter  Magnus na sir ,,
Rato rang KO ",,,,,
,Ghanti dhani ko party ani tyahi vaera ta Goldstar ko owner tyaha xa n she is like a puppet n statue...hami le aba goldstar bahiskar garnu parxa...matra ghanti le lagauda hunxa...Nepal ko brand vanaera k garne Nepal  ko birodh ma bolda pani sahamati janaunxan..jai mato jai desh   Harka Sampang A Revolution @followers @highlight,,,,,
,Yo Randi ko xoro Lai follow garne KO Hola yasto desh drohi kp ko xoro Muji Randi ko xoro talai dekher yati ris uthx ni,,,,,
,Qr bata nikalum na mananiya jui,,,,,
,Comment box here ko comment garna maan lage na ,,,,,
,Samsadha ma bolda tali padkau padkau  lagdo bolene. Fb ma bolda gala padkau padkau bolne tapae……,,,,,
,Natikne stunt j pani temporary timro,,,,,
,"Ta muji ko aaukat ni hunu paryo ni security sahitko gaadi chadhne.
Muji gwade sungur",,,,,
,Lauda jsto Kura Nagar hark,,,,,
,“Tesai Guff Nahanw khilli Uday Vaner ??Rule lai Follow garw vaneko ho khali”!!,,,,,
,Hunxa milaudai xu security tension la liu,,,,,
,Hamro hake lai hainata padheko neta bhanne janta haru aaphaile aaphailai k lekheko hora samrthok re ,,,,,
,Murkha ko ni maha murkha.ko....upaj ho yao harke.,,,,,
,Hudaina garib desma netako chai hundaina.des banauneho bhane des lutuwaharusang dajine haina,,,,,
,Paila traffic rules  palana gar na jatha  kukur,,,,,
,Randikoban rules follow gar vanya ho tali bike Nachala vanako hoina ??,,,,,
,"Sachai Harka sampang vanne manche mananiya ya vanam kunai party ko president ho vanera vanna suhaucha hola, asto immature activities or Facebook posts haru dekhda?",,,,,
,Gigi hune thau ma geda vaexi yestai soch auxa hola k.,,,,,
,Aba talai security jail ma hunxas bistarai umlidai gar,,,,,
,Rsp party yedi Balenle sath suport nagaridiyera pahilekai jasto vaueko vaye...yo chetri Bahunle tei Kp lai nai vagwan manera ghu chatdai hintyo holla..ramro lai ramro vanunasknunai chetri bahunko mul biami ho.,,,,,
,"Neta vayera bike chalauda phone ni chalaune ani 
Thoit neta g",,,,,
,Gadi matra aeroplane nai dinu paryo Hamro PM lai. Testa nathe bike ko chadne.hamro sarwo hara neta(god)lai Kahi hunu bhayena no pheri. Na bhaye ta Nepal nai rahadaina,,,,,
,Sala kun din janma vaya xa hark ko badho soch ma xu yrr ma tw ,,,,,
,Tmlai udako haina tmle bike xai udako hola guithe buda… dhanna bachexa..,,,,,
,Chakchak garney bani xa hajur ko,,,,,
,Tempo thyo ta paila ko tei chalaune ni mantri huna parxa gadi paunalai ta,,,,,
,Tin pangre team lai euta auto vaye pugyo ni,,,,,
,Launa Yarr Bishal Bhandari Sanga Kasai Ko Chinjan Cha Vani Euta Roll Dinu Paryo Vandeu N Yarr Comedy Show Ko Birw Basyera Sara Manxeyy Ko Gidi Khayo Yarr ,,,,,
,Pagal vois tw taile jitera terajantalai ke garxas yslai jitaune janta ni pagal hun,,,,,
,Sahi ho,,,,,
,kati post garna sakya hola xyaaa ,,,,,
,Yo pani ta vrastachar nai ho,,,,,
,Balen chadeko gadi full security sahit dekhda vitra vitrai aaris le Kati jali raheko raixa hait ??,,,,,
,Timi bike ma chada ya cycle ma chada ya 11 no. Gadima chadera hina matlab vayena Tara traffic niyam ko palana gara,,,,,
,Guithe lai gu de sarkar,,,,,
,Security sahitko gadi chadne timro aukat pani ta hunu paroni harke kaka ,,,,,
,tyo thik xa sbaie hola dimag ko k garni tw ani,,,,,
,Yesto vatuwa ni maanxe hudo raix ho muji pagal haami niyam kaanun banaune manxelai niyam palana garnu pardaina rey thukka guithe ??????,,,,,
,Yesto gu mute Lai kina. QR dalal,,,,,
,Harka Sampang A Revolution fb ma hawa post garera sakine vais guithe pagal,,,,,
,????yo pali Helmets ko lock lagnu na birsinu bhoo aba chie ..Aaba chie RSP la Ev car dayals mtlb aja ev m voli tv ma gathaa natrra,,,,,
,"sahi ho...tra, sanka chai utha xa biswas kunai sarkhar lai garna hundaina yaha j pani hunxa...mero bichar ma gadi matrai lida thik hunxa...driver aafnai ra ex. uk ex.ind ex.np ex.sgn junai ko vaye pani ek ek jana gari 4 ya 8 jana security ra bodyguard ani commando talim prapta byakti lai....hatiyar sahit rakhda ati ramro surakcha hune xa... yedhi, sarkhar le gadi pani didaina bhane...ssp batai daro bharpardo gadi ra surakhxa guard haru ko awasek xa.. jaha tyaha j paye tyai na khanu ,ra na janu ...hos bichar garerai...matra garnu awasek xa.......kina ki.....!! ",,,,,
,Tei bhayera bike bata ladeko muji samshdh ma bhannu praxa ni pm barabar ko suvhidha chaiyo bhaner kati magna janeko ho qr pugen,,,,,
,"Tero aukat chaina harka bro car chalauna 
Qr bata kinda huncha",,,,,
,Chanda uthai aba QR,,,,,
,Tyo chai abasyak cha tapailai.,,,,,
,Tme bike chada car chada dai tara nasunau na ho ,,,,,
,Feri hood ma basera chalauna mildaina ni sampang kaka ,,,,,
,Bewora ta gadha  chadne xa,,,,,
,Gadi haina gadha chai dina parxa suhauxa,,,,,
,Yo daju kherai gako raixa,,,,,
,Mananiya jeou le kaha aaru sanga maghe ho aafai gadi banai deoum na lu Ta gardium ta ??,,,,,
,Harke lai security nepali bro diye hunxa nepal sarkar le????,,,,,
,Um hai tyo ni ho,,,,,
,3 seat le kei hudoina hajur  bike  i dheroi ho ??,,,,,
,J kura ma pani ulto artha laune ,,,,,
,Gadi ni afai shramdan garera banauna mildeina mananiya jieu?,,,,,
,Facebook bata magne ho ta guithe?,,,,,
,Dhunga bokna lai hola ????gadi ma,,,,,
,Ko ho ra yo?,,,,,
,Jun pad mile Pani bike Mai hidxu vanne ta mug hoina sala aahile Jo gadi chahiyo talai boli fheruwa xakka mug,,,,,
,Gali khanai janmeko rahecha yo sungur ta,,,,,
,Timro mental  health  herda ta cycle  thik hola ali domsg asucha ki,,,,,
,aukat ni huna paryo ni gadi pauna tw,,,,,
,PM gadi ta chayo vnya hola ni indirectly ??,,,,,
,Hasauxa mugi serele vneko ahi ho ??,,,,,
,"Yesta lai jitayeka dharane harulai Kati paxuto vako hola bchara 
Sadhai birodh birodh birodh 
Dharane KO barema kei agenda xaina",,,,,
,"Kaam tira dhiyan xaina social media ma aayo jpt bolo jj aauxa mukh ma tei tei tapai ta manxey khatrai ho
Aauta formula xa tyo prayog garnus tapai saab khusi hunxan
Formula: Speak less work more",,,,,
,Nathee duniya le bike chadekai xa san dekhauna khoje paxi chot matrai ho ra morxa ni bachaako jati dimag xaina ajhai maile ho kanun banaune ho vanxa nathee,,,,,
,Kunai bela ta malai  kei chaidaina vanthyo aile sabai thok chaiyo qr lai,,,,,
,kasto soch hau ajae ni afno k mistake ho vanera thaha xaena!,,,,,
,Tmlai ta Tuktukey suhauxa .. sararaaaa…,,,,,
,Over yakting garda testai hunxa bzz,,,,,
,Baail gaadi dida huncha Harka lai ????,,,,,
,Neta vayera bike chalauna paiyo but auta hat lay mbl arko hat lay bike chaluni kun sambidhan ma niyem xa ra ,,,,,
,Bike matra chalaya rah hunxa tah Vanya rule vanni ni hunxa tyo maanu pardainah nah ....samsad vayo vandai mAh j ni garna paixaa,,,,,
,Tya ta vip le mtr paux hola ai,,,,,
,Kasto dinma janeko ho yo,,,,,
,Mananiya vayara mananiya jasto bebahr pani ta hunu paryo ni bike chalauda traffic niyam ulangan garera 16 barse thita jasto vlog banaudai hinnu hunxa  mananiya jasto manxele traffic niyam todera hinesi baki le kasto upadesh pane  sarai khuskekai hota,,,,,
,QR chha ni,,,,,
,Ma dinxu ni    lau,,,,,
,khate lai thikai bhayo,,,,,
,Talai tiger dinxa balen sarkar le tei mathi chadera aaijo,,,,,
,Aba khutta la chalaunu pagal mula balen la garda sotantra bata getyo mula hali,,,,,
,Why gadi bike nai dine ho buda timilai honda shine sarkari ,,,,,
,Tractor  kinideu Sarkar Harke Lai yeuta yesko Dimag ko GIDI Xareko xa Ali jamma hunxa ki,,,,,
,Bike stunt gardai kudaune hainaa niitaa guithey dimakh nabhakooo!!,,,,,
,Bike nachalau baneko xi a....kanun Bhanda Mathi bayerw dada Giri Nagar....sakxau bane ramro Sandesh dyo baneko hu guithe kina nabujeko ??,,,,,
,teu ta dinunai parxni dhoti sarakarle,,,,,
,Pradhan mantri Huda ni bike chadhne vanne ko ho guithe,,,,,
,Sabai ma barabari hunu parx niyam kaanun subida sarkhar,,,,,
,Nepal Police ahile samma eslai karbahi kina nagarnu bhako. Yeslai 2 hat le bike chalauna k samasya cha.,,,,,
,Gadhako kaamta dhunga bokne ho lanthu ! gadhalai gadi tyahi pani security sahitko? Anuhar her ainama bankate mula saga! Bhaisiko gobarle mukhama lapya hannu jasto!,,,,,
,Harke kaka li  tw  gadi  hoino  cycle dida  uchit  hola,,,,,
,Hajur ko lagi bhaiya cycle matra dina milx ray,,,,,
,"La hai sarkar yeti chaii Garda hamro maninya Lai
Jhay mato",,,,,
,Yo manxey kasari neta vayo yll achamma lagxa ,,,,,
,Shai ho ,,,,,
,"Tai gadi magna lai po ladeko raixa ta yo kaka Pani xya
Auta Naya Qr banam na poisa aauna suru hunxa testa gadi mula ta k ??",,,,,
,Ta Samaj-bhaduwa lai gaadi hoina laat hanera bahira nikal diye hunthiyo lanthai saaf hunxa ,,,,,
,"Security pani timi jasta ko lagi basnu bhanda tah , tetro padera, tetro loksewa bhidera pass garera , thukka jindagi…jagir nai xodera Dubai tira janu thik cha",,,,,
,Raswapa Sarkar haina harku Nepal Sarkar ho. ,,,,,
,Mero LADO khali xa basne ho guhe mg,,,,,
